clust_id	identifier	rel_abundance	rel_abundance_z	frequency
5	Q92538;A0A7P0RGV0;A0A7I2YQ65;A0A7I2V2L5;A0A7I2V452;A0A7I2YQM2;A0A669KB10;A0A669KBG8;Q92538-3;Q92538-2;A0A7I2V514;A0A7I2V529;A0A7I2V4K2;A0A7I2V3Y5;A0A7I2V2L4;A0A7I2V3H2;A0A7I2V3S0;A0A7I2YQB8;A0A7I2V2L1;A0A7I2V3E5;A0A7I2V5C9;A0A7I2V2U1;A0A7I2V4H1;A0A7I2YQM0;A0A7I2V4E0;A0A7I2V2I0;A0A7I2V4F1;A0A7I2V300;A0A7I2V2F8;A0A7I2V2Q1;A0A7I2V350	-12.869024931858107	-1.4590037240495046	0.702
5	O43292;E9PPZ9;O43292-2;E9PLV6;E9PQ31;E9PLG8;E9PM11;E9PM94	-10.516381456575784	-0.4270803719314582	0.302
5	Q7L576;Q7L576-2;A0A0G2JQT1;A0A0G2JR96;Q7L576-3;Q96F07;Q96F07-2;E7EVJ5;H7C229;E7EW33;A0A087WTQ3;A0A087WWZ1;A0A087WVE1;A0A0G2JQH3;A0A087WVZ5;H0YL50;A0A087WWL1;A0A0G2JRV9;A0A087WU52;A0A0G2JRX2;A0A0G2JRF5;A0A087WWY5;A0A087WV63	-10.578947595514252	-0.45452331451956957	0.254
5	Q9Y2A7;Q9Y2A7-2	-11.732877277286235	-0.9606633216363556	0.336
29	A0A5F9YFS9;C9JBL1;Q9Y6A9	-6.9077934292727505	1.1557290476303954	0.108
29	P61009	-7.350221255790124	0.961670062235117	0.926
29	Q15005;E9PL01;E9PI68;E9PRB9;H0YE04	-6.84556683834392	1.1830230566788558	0.966
36	Q08379;A0A8I5KZ68;A0A8J9BZL8;A0A6Q8KRG2;A0A8I5KNZ1;A0A8I5QJQ7;A0A8I5KT73;A0A1W2PQY5;A0A087WYC0;Q08379-2;B7ZC06;A0A8I5KUW5;A0A8I5KQL3;A0A8I5KZ34;A0A8I5KRU0;H0Y7B8;A0A8I5QL14	-10.522513057685714	-0.42976983271788277	0.486
36	Q13425;A0A140TA73;Q13425-2;A0A0G2JM75;J3KT21;H0YCS0;Q13424-2;Q13424	-10.769122498231923	-0.5379383857630319	0.504
36	Q14410	-12.860948880547028	-1.455461382837007	0.088
36	Q9H330;H7C0G1;Q9H330-4;F8WBJ7;Q9H330-3	-10.320798893836136	-0.3412933770558676	0.462
38	P36578;H3BM89;H3BTP7;H3BU31	-6.363069447702737	1.39465747131489	1.0
38	P40429;A0A7I2V2L9;M0QYS1;A0A7I2V5L3;Q8J015;Q6NVV1;M0QZU1;A0A096LPE0	-6.624670741474983	1.2799131478234276	0.008
41	P62873;P62873-2;F6UT28;B1AKQ8;F6X3N5;B3KVK2;F5H8J8;F5H100;F5H0S8;E9PCP0;P16520-2;P16520	-6.59428186921822	1.2932424037246104	0.864
41	P62879;C9JXA5;C9JIS1;E7EP32;C9JZN1;P62879-2	-7.973425387380281	0.6883184459443578	0.63
48	O94973-2;O94973;A0A0G2JS82;O94973-3;A0A8I5KPP9;A0A0G2JQM1;A0A0G2JQA4;A0A0G2JRF9;E9PQP4;E9PPY8;A0A0G2JRS3;A0A0G2JQT9;A0A8I5KYZ9;A0A0G2JS17;A0A8I5KY83;E9PNC4;A0A0G2JQF7;A0A0G2JQV2;A0A8I5QJV7	-10.880174534096877	-0.586648354066047	0.748
48	R4GMN1;Q8NHP6;Q8NHP6-2;R4GMW5	-10.535031455045171	-0.43526068872817	0.374
48	Q8TBA6;Q8TBA6-2;H0YK03	-10.98161019578662	-0.6311403602433242	0.172
48	Q96HS1;Q96HS1-2;F5GXG4	-9.994566959523306	-0.1982005732541138	0.248
57	D6RA89;A0A3B3ITN6;D6RBB0;O60683;O60683-2	-14.135567453793119	-2.014538304008919	0.406
57	A0A7P0T9D8;A0A7P0T9R3;A0A7P0T906;Q8IW45-3;Q8IW45-4;Q8IW45;Q8IW45-2	-13.300833549683324	-1.648404881114404	0.406
57	B1AKC9;P29323-2;P29323-3;P29323;Q6NVW1;A0A3B3IRY8;P54762-5;P54762	-12.695568098848948	-1.3829215813673834	0.842
57	X6RI56;O94886	-12.0263398243694	-1.0893827211071225	0.754
57	P18206-2;P18206;P18206-3;A0A096LPE1	-6.823453665853917	1.192722400978829	0.42
57	P35613-3;A0A7P0T8A7;R4GMX5;R4GN83	-11.397519570563972	-0.8135677448881914	0.684
57	P46926;D6RAY7;D6R9P4;D6RFF8;P46926-2;D6RB13;D6R917;D6RFK5	-9.184571589516816	0.15708196156212745	0.66
57	Q13867;K7ES02;K7ESE8;J3KSD8;J3KS79;K7ENH5;K7EMJ3	-9.886444518375493	-0.15077559234193014	0.406
57	Q7Z7H8;Q7Z7H8-2	-10.862534229372045	-0.578910912088423	0.594
57	Q86UY8;Q86UY8-2;H7C3S8;H7C193	-11.08284934348511	-0.6755461708798307	0.464
57	Q8TB52	-14.652733111756445	-2.2413790153078583	0.672
57	Q8TBB6	-12.31001814660196	-1.2138105352986965	0.63
57	Q8TCS8;H7C3C5;H7BXF6;F8WBI3	-9.954227885314285	-0.1805069307126676	0.622
57	Q8TDQ7-3;Q8TDQ7-2;Q8TDQ7;Q8TDQ7-5;Q8TDQ7-4;V9GYW0;V9GYK3	-10.694067228490237	-0.5050174241470053	0.826
57	Q8TF05-2;Q8TF05;J3QL26;J3KSB0;J3QLA6;J3QQV0;J3KRU1	-12.206944993374048	-1.168600287800588	0.416
57	Q96C23;H7C320;H7C1B5;B8ZZ75	-11.45582391776237	-0.8391413679365392	0.692
57	Q96CX2;Q68DU8	-12.076258221421666	-1.1112780742108703	0.828
57	Q96EU7	-15.265542977900733	-2.5101714685318806	0.406
57	Q9NQS3;C9J795;C9JMW3;H7C4L0;Q9NQS3-2;Q9NQS3-3	-11.852989302770485	-1.0133472090462494	0.854
57	Q9NXH9-2;Q9NXH9;K7EQQ8;K7EQY6;K7EMZ2;K7ENI9;K7ERR5;K7EQU7	-14.726083899819242	-2.2735523521918837	0.362
57	Q9P2J3	-15.556830099922843	-2.637936676708952	0.754
65	P11142;E9PKE3;P11142-2;E9PNE6;E9PN89;A8K7Q2;E9PLF4;E9PQQ4;E9PQK7;E9PPY6;E9PI65;E9PS65;E9PN25;E9PM13	-5.624034946787766	1.7188149424861423	0.762
65	Q9NZN4;Q9NZN4-2	-7.2165450628280094	1.0203035043988473	0.4
73	A0A7I2V594;O95299;E7ESZ7;A0A087WXC5;A0A7I2YQU0;A0A7I2V2X3;A0A7I2V327;A0A7I2V4N8;A0A7I2V2N6;H7C2X4;H7C1Y7;A0A7I2V5B2;A0A7I2V2W9;A0A7I2V458;A0A7I2V5U7;A0A7I2V419;O95299-2;A0A7I2V438;A0A7I2V5L0;A0A7I2V3H5;H7C2W5;C9J6X0;A0A7I2V2F6;A0A7I2V3D4;A0A7I2V2I6;Q8N1B9;A0A7I2V2J5	-8.211204619835854	0.5840230245609007	0.016
73	P56556;A0A2Y9D025;R4GN43	-7.32608858860768	0.9722552031951036	0.414
73	C9IZZ2;C9IZW8;C9JXM4;H7C5B8;O95178	-9.98680162312871	-0.19479451872573916	0.124
73	E5RFK0;Q08AH1-2;Q08AH1	-10.29963661173861	-0.3320111150769563	0.44
73	E7EPT4;P19404	-8.244179580124406	0.5695594511744407	0.558
73	G3V0I5;P49821-2;P49821;B4DE93;E9PMX3;E9PQP1;E9PLC6;H0YE81;E9PPR0;E9PJL9;H0YD04;E9PPS5;E9PPD6	-7.6043954045828706	0.8501834547658372	0.58
73	M0R226;Q9BQ48	-9.556840611168418	-0.00620376394132053	0.028
73	O14561;I3L505;H3BNE8;H3BNK3	-8.715916604222347	0.3626447799376857	0.232
73	O14949	-7.077852661549811	1.081137170504216	0.508
73	O14957	-7.447638638448111	0.9189405653422938	0.538
73	O43181;H0Y9M8	-8.303809762110427	0.5434042865993918	0.568
73	O43677;A0A6Q8PHK7	-9.861215228409375	-0.13970944749383724	0.182
73	O43678;O43678-2	-8.09962762364769	0.6329632524940498	0.588
73	O75306;A0A7I2YQG7;O75306-2;A0A7I2V596;A0A7I2V4G5;A0A7I2V4X8;A0A7I2YQD8;A0A7I2V630;A0A7I2V410;A0A7I2V4W5;A0A7I2V2B9;A0A7I2V3J6;A0A7I2V5E2;A0A7I2V5G4;A0A7I2V517;A0A7I2V5D5	-7.749618467303723	0.7864852908654325	0.454
73	O75380;D6RBT3	-7.920831869625548	0.7113871683034187	0.378
73	O95167;S4R3I5;H7C0D7;H7C2R1;A8MVM8;S4R3T6;A8MYJ8	-8.192289447391879	0.5923196527407976	0.212
73	O95169-3;O95169;E9PQ68;O95169-2;K9J7I2;E9PIZ8	-8.253865288714138	0.5653110773853117	0.326
73	P00156	-9.704443096324487	-0.07094559705945881	0.208
73	P03886	-9.25120536547589	0.12785486014434067	0.418
73	P07919	-9.841723535227025	-0.13115994410392282	0.158
73	P08574	-7.582271950853443	0.8598873086530736	0.504
73	P14927;B7Z2R2;P14927-2;E5RHG9	-7.221663161738948	1.0180585889069182	0.418
73	P17568;M0R3B8	-8.351778708347556	0.5223640073056293	0.446
73	P22695;H3BRG4;H3BSJ9;H3BP04;H3BUE4;H3BUI9;A0A087WVZ4	-6.8137153411655635	1.1969938533948028	0.568
73	P31930	-6.939626164105111	1.1417664805094452	0.588
73	P47985;P0C7P4	-7.45476021588173	0.9158168782495072	0.524
73	Q16795;A0A3B3ISG8;H3BRM9;F5H0J3;F5GY40	-7.76232806738108	0.7809105689606047	0.252
73	Q86Y39;K7EQ77;K7EK78;K7EP35;K7EMT4;Q86Y39-2	-7.728178530203743	0.7958893386924226	0.328
73	Q9UDW1;Q9UDW1-2	-6.899815732559175	1.1592282482620873	0.418
73	Q9UI09;A0A804HK60;F8VRD8;A0A804HHX9;H0YID5;A0A804HJF8;Q9UI09-2;F8VXI1;H0YIT1	-7.803218469759015	0.7629751012475333	0.404
74	A0A087X2I1;P62333;H0YJC0;H0YJS8;H0YJX2;H0YJE9;H0YJT1	-8.183716887082618	0.5960797741801522	0.748
74	C9JX88;P35998;P35998-2;C9JLS9	-8.217542758160723	0.5812429718180591	0.604
74	O00231;O00231-2;J3QRY4;J3QS13;J3KSW3	-7.631576110456659	0.8382613741731335	0.75
74	O00232;O00232-2;J3KTJ5;J3KSK1	-8.405591846052765	0.49876033168194156	0.854
74	O00487;C9JW37	-8.385494894038034	0.5075753154685979	0.852
74	O43242;O43242-2;H0YGV8	-8.018532090050853	0.668533612283056	0.858
74	P43686;P43686-2	-7.709684956390121	0.8040010440497782	0.66
74	P51665;H3BNT7;H3BTM8;H3BQV2	-7.830277214237402	0.7511065157182739	0.714
74	P62191;P62191-2;G3V4X1	-8.049244666996833	0.6550623720856963	0.668
74	P62195;P62195-2;J3QSA9;J3KRP2;J3QLH6;J3QQM1;J3QRW1;J3QSE0;J3QRR3;J3KTQ9;A0A6Q8PGU6;Q8NB90-3;Q8NB90-2;Q8NB90	-8.02860926134791	0.6641135339779574	0.762
74	Q13200;Q13200-3;Q13200-2;H7C1H2;C9JPC0;H7C2Q3;F8WBS8	-8.044771375878165	0.6570244601005926	0.588
74	Q15008;Q15008-4;Q15008-3;Q15008-2;C9J0E9;C9J7B7;H7C531	-7.928917333170764	0.7078406986692953	0.882
74	Q99460;Q99460-2;A0A7I2V523;A0A7P0MW50;A0A087WW66;A0A7I2V5C8;A0A7I2V262;A0A7I2YQY1;A0A7I2V2K8;A0A7I2V641;A0A7I2V4X0;A0A7I2V479;A0A7I2YQI9;A0A7I2V491;A0A7I2V4A5;C9J9M4;H7BZR6;F8WCE3	-8.460503815568796	0.47467468324020884	0.728
74	Q9UNM6;J3KNQ3;Q9UNM6-2;E9PL38;H0YD73;E9PQG3;E9PPD2;F8W8J6	-8.252565854561785	0.5658810389882662	0.838
74	R4GMR5;P48556;K7EJR3;K7EJC1;K7ENY6;K7ERW6	-8.73191406347707	0.35562792763815687	0.698
74	R4GNH3;P17980;E9PM69;E9PKD5;E9PN50;E9PMD8;E9PLG2	-8.273668614473682	0.556624884804253	0.722
84	Q9UBG0;E7EME3;J3QQZ6;J3KRF1	-9.233376554216632	0.13567498540863568	0.7
84	Q9Y490	-8.061807437630168	0.6495520529404265	0.506
86	P12814-3;A0A804HII9;A0A804HKE2;P12814-2;A0A804HK61;A0A804HIN7;A0A7I2V4Y4;A0A804HJU8;P12814-4;A0A804HLD0;A0A804HLF4;H9KV75;A0A804HJQ9;H7C5W8;G3V2N5;H0YJW3;G3V2W4;A0A804HJN7;A0A804HIY0;H0YJ11;G3V5M4;G3V2X9;G3V2E8;G3V380	-7.77992442248742	0.7731924042930003	0.95
86	O43707;F5GXS2;H7C144;O43707-2;O43707-3;K7EP19;M0QZQ3;Q9H254-2;Q9H254-4	-8.95710810827535	0.25685265802048773	0.388
92	A0A140TA86;Q5XKP0;K7EIR2;A0A140TA84	-9.155920550072393	0.16964896415975106	0.72
92	C9JRZ6;Q9NX63;F8WAR4;A0A286YEX5	-8.713164057902143	0.36385210984357574	0.382
92	Q16891-2;H7C463	-8.478664033020003	0.4667091956241162	0.368
94	A0A1W2PPX5;A0A1W2PQR6;A0A1W2PQB7;A0A1W2PS43;Q14108;A0A1W2PRS1;A0A1W2PRF6;A0A1W2PPU6;Q14108-2;A0A1W2PSE4;D6RDG0;A0A1W2PS70;A0A1W2PNX7	-7.720414370240428	0.7992948772110725	0.79
94	A0A2R8Y620;A0A2R8Y7U2;A0A2R8Y600;A0A2R8Y455;Q86VX2-2;Q86VX2;V9GY66	-10.256328055897217	-0.31301498982942894	0.202
94	Q9HD45;Q5TB53	-8.29664615346119	0.5465464095467272	0.608
96	P04406;P04406-2;E7EUT5;O14556	-3.950537021310289	2.4528494900769457	0.81
96	Q5T9L3;Q5T9L3-2;E9PM62;Q5T9L3-3;E9PKJ0;E9PJW4;H0YCG9;E9PQK1;Q7Z430;H0YDL2	-10.586068698702675	-0.4576467935975433	0.108
96	Q9H2K8;G3V1Q8	-11.985168682115011	-1.0713241144495291	0.104
118	P07814;V9GYZ6;V9GZ76	-8.253866450383168	0.5653105678506494	0.84
118	P41252;A0A804HJN6;A0A804HHW9;A0A804HL54	-8.340679840709024	0.5272322250439307	0.352
118	Q13155;A8MU58;Q13155-2	-9.152804178443867	0.1710158761849434	0.16
119	A2RRP1;A2RRP1-2;H0Y5G7;H7BZU5;C9JCM7;H7C007;H7BZR3;H7C1U4;H7C1Y9	-10.412381066357892	-0.38146341703677145	0.904
119	O43264;O43264-2;F5H3C1	-10.224591580813767	-0.29909464444067646	0.886
119	Q6NUQ1;F8WC46;F8WDC5;C9J5S3	-11.441133656837787	-0.8326978827863017	0.732
119	Q8WU76-2;Q8WU76	-10.4034320280917	-0.37753816373642907	0.788
123	P17987;E7ERF2;E7EQR6;F5H282;F5GZ03;F5H136;F5H676;F5H726;F5GZI8;F5GYL4;F5H7Y1	-6.872223911028542	1.171330653604876	0.774
123	P48643;B7ZAR1;E9PCA1;E7ENZ3;D6RIZ7;H0Y914	-7.132251163941369	1.0572767405122212	0.848
123	Q99832;Q99832-3;Q99832-4;Q99832-2;F8WAM2;F8WBP8	-6.949145365271542	1.1375911406926165	0.888
127	Q00325-2;Q00325;F8VVM2;F8VWQ0;F8VWR4	-6.767605088288789	1.217218867178458	0.864
127	Q9H9B4;D6RFI0;S4R2X2;D6RDG7;D6RAE9	-8.471038042178114	0.47005412999919816	0.206
129	P11717;A0A7I2V381;A0A7I2YQS7;S4R328;A0A7I2V657	-9.355682916891496	0.08202861141154459	0.358
129	Q15904;A0A7I2YQA5;A0A7I2V3T8;A6QRJ1;A6NLC6;H7C2Y8;H7C0T7;F2Z3L8	-9.121968089873615	0.18454129141166203	0.772
129	Q9HBR0;Q9HBR0-3;Q9HBR0-2;I3L0Q8;H0YF92	-11.556632940703818	-0.8833585159959154	0.682
129	Q9UJ68-2;Q9UJ68-3;Q9UJ68-4;Q9UJ68-5;Q9UJ68	-12.145894253757914	-1.1418220340890235	0.196
129	Q9UPU5	-15.340177206201139	-2.5429077517212644	0.482
129	Q9Y276;C9J8G3;C9J1S9;H7C492;C9JAS4;A0A2R8Y7T3;H7BZF6;C9J4Q9	-9.713682206260541	-0.0749980824428023	0.666
129	Q9Y6W5-2;Q9Y6W5	-11.963554012059543	-1.061843424743288	0.448
136	A8MZF9;P55039;J3QKW7;J3QRI9;J3KRL5;J3QR71;J3QL90;J3QKV7;J3QLF3	-10.236008738528426	-0.3041024715017476	0.292
136	H7C3J3;Q9BV44	-12.647628181500453	-1.3618940348095334	0.24
136	P17858;P17858-2;F8WEU2	-8.902618863071835	0.28075288988968133	0.094
136	P42574;C9JXR7;A8MVM1	-10.000888562216824	-0.20097337309003913	0.326
136	Q01813;A0A7I2V3Z0;Q01813-2;B1APP6;Q5VSR5;H0Y757;V9GY25;V9GYV7;A0A7I2V5S1;H0Y3Y3	-8.168192563780947	0.6028890982061406	0.198
136	Q8IXI2-4;Q8IXI2;Q8IXI2-5;Q8IXI2-2;Q8IXI2-7;Q8IXI2-3;H7BXZ6;Q8IXI2-6;J3KSR5;K7EIQ7	-11.421095351172367	-0.8239086226326593	0.508
136	Q96L92-3;Q96L92;Q96L92-2;A0A2R8Y8A7;A0A5H1ZRP6;A0A2R8Y3S6;A0A2R8Y871;H7C603;A0A2R8YD75;C9JSM2;O60759-2;O60759	-10.086898533842705	-0.2386993180401579	0.046
136	Q96RP9;Q96RP9-2;C9IZ01;F8WAU4	-9.425336669994405	0.051476878798964676	0.154
136	Q9NPQ8-4;Q9NPQ8;Q9NPQ8-3;Q9NPQ8-2;E9PSI0;H0YEN0;H0YE35;E9PI04;E9PLE5;H0YC88;B7WPL0;Q9NVN3-4;Q9NVN3-3;Q9NVN3;Q9NVN3-1	-10.376999486511643	-0.36594424515128565	0.504
136	Q9NRY5;E5RGF9;E7ESJ7;E5RHI8;E5RFK2;E5RK42;E5RHP2	-10.930955911123066	-0.6089222299663241	0.298
139	Q53Z42;A0A140T9I0;A0A140T9X5;A0A140T913;A0A140T955;A0A140T933;A0A1W2PRT9;A0A1W2PPQ2	-6.787431650176315	1.2085224826990815	0.836
139	Q10469	-11.105050611950176	-0.6852841560936738	0.198
145	O43813;E9PHS0;F8WDS9	-10.859178935678573	-0.5774392033693223	0.854
145	Q16270-2;Q16270	-9.627031517108337	-0.036991104100046274	0.438
145	Q9Y5Y5;Q9Y5Y5-2;E9PLS4;E9PMM3;E9PP98;E9PQW0	-11.648474665216103	-0.9236424014289374	0.472
151	A0A140T8W8;A0A1W2PR61;A0A1W2PPF8;Q5SPM2;A0A140T8Y4;A0A0G2JPD3;A0A1W2PP29;A0A1W2PQZ3;A0A1W2PQE2;A0A140T9J8;A0A0G2JNV5;P30511-2;P30511;P30511-3	-8.21117007336958	0.5840381774328323	0.616
151	Q8NFJ5;A0A3B3ITN8;F5GWG3	-8.142992881456207	0.6139422564641017	0.456
158	A0A7I2V430;A0A7I2V4F0;Q92499;A0A7I2V2M5;A0A087WZ71;A0A7I2YQ77;A0A087X2G1;Q92499-3;Q92499-2;A0A7I2V4J3;A0A7I2V421;A0A7I2V5X8	-9.868689359002516	-0.14298777248309955	0.934
158	Q8NCA5;A0A8I5KR56;A0A8I5QKV5;A0A8I5KZA5;E9PH82;B4DT23;A0A8I5KX90;A0A8I5KXK5	-10.64168515832093	-0.48204144754540534	0.47
158	Q9Y3I0	-10.085921433628267	-0.2382707394904406	0.09
201	E5RI99;P62888;A0A0B4J213;E5RJH3;A0A0C4DH44	-6.4927979082301945	1.3377555950811602	0.998
201	P49207	-6.943734036966254	1.1399646733178832	0.162
201	P61353;K7ELC7;K7EQQ9;K7ERY7	-5.791671305081641	1.645285793422569	0.86
203	H0Y7Q3;E7EPU2;A0A0U1RQW6;Q9Y2E4;Q9P265	-12.422213412083082	-1.2630219503148028	0.202
203	E5RK69;H0YC77	-9.992648943638953	-0.1973592875252764	0.022
203	F5H6E2;O00159-3;O00159;O00159-2;I3L501;I3L3Y6;I3L3F5	-8.152427471337454	0.6098040290962907	0.186
203	P08133;P08133-2;E7EMC6;E5RK63;E5RJF5;E5RFF0;E5RI05;E5RJR0;E5RIU8	-6.0113855226088635	1.5489141016465864	0.112
203	P12956;B1AHC9;P12956-2	-8.89003571971983	0.28627214497631315	0.802
203	P13010;C9JZ81	-9.394127998660638	0.0651657173655589	0.432
203	Q12965;H0YLE5;H0YNQ8;O00160;H0YN00;H0YLJ4	-12.321835674392283	-1.218993973851652	0.706
203	Q96P70	-10.7493904664741	-0.5292834643652249	0.678
203	Q9BXJ9;A0A0B4J1W3;Q9BXJ9-4	-9.74917486719599	-0.09056597704004968	0.684
204	P27824-2;P27824;A0A7P0TB65;A0A7P0T840;A0A7P0T937;A0A7P0TAE9;A0A7P0T8G1;A0A7P0T9L0;P27824-3;D6RGY2;A0A7P0Z484;A0A7P0Z4D6;A0A7P0TAR9;A0A7P0Z4H2;A0A7P0TAN9;A0A7P0T8N1;D6RAU8;D6RFL1;D6RAQ8;O14967;D6RD16	-6.4340185115621304	1.363537585715294	0.602
204	P36021;K7ELT4	-9.395052530005323	0.06476019672702223	0.536
214	A0A2R8YEM3;E7EQV9;P61313;E7ENU7;E7EX53;A0A2R8Y738;P61313-2	-6.39835799591937	1.379179105234489	0.926
214	P62424;Q5T8U2;Q5T8U3	-5.913672068590493	1.5917734622241888	0.25
214	Q9Y3U8;J3QSB5;J3KTD3	-6.807726362798164	1.1996207565773633	0.112
216	O96005;O96005-4;O96005-3;K7EJ16;K7EQQ1;K7ERL5	-8.922109772286559	0.2722037303659362	0.374
216	P05362;K7EKL8;E7ESS4	-8.372072274015206	0.5134627842643114	0.532
216	P14618-2;A0A804F6T5;A0A804F729;H3BTN5;H3BQ34	-9.534943322093136	0.0034008889447914446	0.568
216	Q9BPX3	-13.545189271910523	-1.7555849016483944	0.224
216	Q9Y5X2	-12.78610184170597	-1.4226317560667605	0.342
217	H3BRN4;H3BNQ7;P80404;H3BPW8	-11.853035869026515	-1.0133676340734679	0.774
217	Q6UVK1	-8.979094686618167	0.24720884081507652	0.688
219	A0A7P0TAQ9;Q8IXB1;A0A7P0Z431;Q8IXB1-2;A0A7P0TB97;A0A7P0TB83;A0A7P0T9B7;A0A7P0TB22;E7EP04;A0A7P0Z4F2;A0A494C1G5;Q8IXB1-3;A0A7P0T8Y3;H7C1G0	-9.529608558547746	0.005740838511461489	0.9
219	Q02809;Q02809-2;Q5JXB7;Q5JXB8	-7.304040132643291	0.9819261613436049	0.12
232	O00469-2;E7ETU9;O00469;O00469-3;C9JXZ0;F8WEW3	-7.0697963435745095	1.0846708562233431	0.592
232	Q13045-2;Q13045;Q13045-3;J3KS54;J3QLR6;K7EQZ7;J3QQQ2;J3KS39;K7EP37;J3QQU5;K7EP27	-11.16945468798309	-0.7135332600179196	0.46
232	Q15436;F5H365;Q15436-2;G3V3G5;G3V2R6;G3V4V1;G3V1W4;G3V5X8;G3V4Q2;G3V5K1;A0A2R8YF30;A0A2R8Y633;A0A2R8Y7S7	-8.245597933428224	0.5689373289059625	0.374
232	Q6EMK4	-9.076862053245188	0.2043258329316134	0.116
235	A0A087WXP3;E9PEE8;P18564-2;P18564	-8.893004067308269	0.28497015968789374	0.99
235	H7C4K3;P05556;E7EUI6;A0A7I2V2F9;P05556-3;P05556-4;P05556-5;P05556-2;C9JPK5;A0A7I2V348;A0A7I2V5T3;A0A7I2V5Z8;E7EQW5;E9PLR6;Q5T3E6;Q5T3E5;H7C4N8;E9PQJ2;C9JNE0	-6.459459178011501	1.3523787262967832	0.982
275	P04179-4;P04179;P04179-2;F5H3C5;F5H4R2;F5GYZ5;G8JLJ2;P04179-3;G5E9P6;F5GXZ9	-5.834180447893355	1.626640309052837	0.898
275	Q8TAA9-2;Q8TAA9	-13.99609293332994	-1.9533615825024235	0.144
283	A0A1W2PNV4;E9PF58;F8WFD3	-8.699676419733521	0.36976809708828523	0.708
283	F8WCF6;P59998;P59998-3;F8WDD7;A0A0A6YYG9;P59998-2;H7C0A3;R4GN08;P59998-4;F8WDW3;F8WE39	-7.733888618501624	0.7933847630866642	0.332
283	O15143;C9JEY1;C9K057;C9JBJ7;F8VXW2;C9JTT6;C9JM51;F8WEB3	-9.742316394019145	-0.08755769350477585	0.672
283	O15144;C9JTV5;G5E9J0;H7C3F9;G5E9S7	-8.064894926342864	0.6481978096241291	0.764
283	P61158;B4DXW1;F8WDR7;Q9P1U1-2;Q9P1U1;Q9P1U1-3;A0A0A0MTI9;H7C4J1;C9IZN3;Q9C0K3;F8WEW2;F8WE84	-8.030388820374808	0.6633329786003056	0.79
283	P61160;P61160-2;A0A1B0GWD0;A0A1B0GWH0	-7.918992949215807	0.7121937609441805	0.606
304	O00461;F8W785	-9.045742615874527	0.21797553143669882	0.884
304	P35052;H7C410;H7C024;P35052-2;H7BZE9;C9J4Y6;H7BZL4	-9.563458726988152	-0.009106621230645106	0.456
322	Q8NC51;Q8NC51-3;Q8NC51-2;Q8NC51-4	-8.072898451055073	0.6446872802402451	0.998
322	Q9Y3D6	-8.601079826841604	0.41301482261784567	0.178
324	O15121;E7EMA0	-9.97746662627775	-0.19069997514373807	0.742
324	P21980;P21980-2;A2A299;P21980-3;A2A2A0;O43548-2;O43548	-8.983947561557466	0.245080258636185	0.55
326	Q70UQ0;Q70UQ0-2;Q70UQ0-3	-8.400078237774842	0.5011787266475184	1.0
326	Q70UQ0-4	-7.495543115655602	0.8979285636425953	0.352
331	O75438;O75438-2	-7.8502483922833735	0.7423466992771225	0.77
331	O75489;E9PS48;O75489-2;G3V194;E9PKL8	-7.792844010196987	0.7675255769996557	0.288
331	O95298;O95298-2;E9PM14;A0A087WUM3;E9PQ53;E9PRJ5;E9PRQ4;A0A087WY27;O95298-3	-7.848665828235661	0.743040848141672	0.636
331	P03923	-9.27930675850546	0.11552894506246454	0.53
331	Q9NX14;Q9NX14-2;A0A8I5KTD1;A0A8J8YU24;A0A8I5KQF7;A0A8I5KTJ9	-8.575614064578758	0.4241846896353559	0.516
352	A0A3B3ITK0;P35442;A0A7I2YQT6;A0A7I2V585;A0A7I2YQ86;A0A7I2V344;Q5RI53	-9.256729348874758	0.1254319144129138	0.786
352	P49419-2;P49419;A0A1B0GW77;A0A1B0GTG2;A0A1B0GW82;A0A1B0GUA1;A0A1B0GTY9;A0A1B0GTJ4;P49419-4;A0A1B0GV49;A0A0J9YWF7;A0A1B0GUY0;H0YHM6;F8VVF2;F8WDY6;A0A1B0GVU0;A0A0J9YWM6;F8WD33;A0A1B0GW65;A0A0J9YWK1	-6.85214078636146	1.1801395723999235	0.266
364	A0A0A0MTQ5;G3V556;P56378;P56378-2	-8.760039067182138	0.34329165637283776	0.912
364	P51523;F5H630;F5H1B1	-10.396714178024817	-0.37459156072034216	0.356
364	F8W0P7	-10.777593248725902	-0.5416538510838678	0.992
364	M0R2U6;M0QZF2;M0QYJ9;M0R0S1;M0R2P6;Q8TBC3-2;Q8TBC3	-13.901244966982732	-1.9117590904959179	0.19
364	O75947;O75947-2;F5H608	-6.5684082940707	1.3045911468206304	0.992
364	O75964;A0A8I5KT86;A0A8I5KSQ4;A0A8I5KSW3;A0A3B3ITX4;A0A3B3IRW3	-6.618360736195815	1.2826808607675997	0.992
364	P00846	-6.643363916470517	1.2717138928127183	0.938
364	P03928	-7.690025989971143	0.8126239173152711	0.868
364	P06576;H0YH81;F8W079;H0YI37	-5.262585194287358	1.8773550885563837	0.856
364	P18859-2;P18859;A8MUH2	-8.966038552373933	0.2529355605482467	0.928
364	P24539;Q5QNZ2	-7.104011924753313	1.069663118078718	0.992
364	P25705;P25705-2;P25705-3;K7EK77;K7ERX7;K7EJP1;K7ENJ4;K7EQH4;K7ESA0	-5.245846876772585	1.8846968982696415	0.878
364	P30049;A0A087WTL3	-6.653103736764167	1.2674417843899817	0.992
364	P36542-2	-6.5030360901249535	1.3332648938374596	0.992
364	P48047;A0A494C0K9;H7C0C1;H7C068;H7C086	-6.239442985658234	1.4488828711528956	0.992
364	P56134-3;P56134	-6.804831806631117	1.200890375257021	0.992
364	Q5VTU8;P56381	-7.3320466612042345	0.9696418559920128	0.992
364	P56385	-6.623598258684593	1.2803835633571774	0.992
364	Q8ND04-3;Q8ND04;Q8ND04-2	-17.0162156978949	-3.27805664988568	0.19
364	Q96IX5	-6.573046387278296	1.3025567728321772	0.966
365	O43324;D6RBD7;C9J1V9;O43324-2;H0YAL7;D6RCQ0;H0YAH9	-8.722471588868345	0.3597696134281622	0.87
365	Q12904;Q12904-2;A0A8C8MUD1;A0A804HJ47;A0A5F9ZHC5;A0A8C8KIA0;D6R937	-8.275846090253253	0.5556697940184117	0.462
389	A0A0A0MTH3;Q13418;Q13418-2;Q13418-3;A0A087WWY6	-9.459428318322328	0.03652350044334358	0.758
389	P53367;P53367-2;P53367-3	-9.800943015341657	-0.11327267337065712	0.408
405	P46939;P46939-2;P46939-4;Q5T097;P46939-3;H0Y337;Q5JT45;A0A0D9SG57;A0A0A0MSM3;Q5JT44;A0A804HL39;A0A075B6G3;Q4G0X0;Q5T098;A0A804HKZ5;Q5SYY2;Q5JT49;A0A804HIY5;A0A5H1ZRP8;P11532-4;P11532-11;P11532	-9.83560287678889	-0.12847528302415925	0.864
405	Q96A65-2;Q96A65	-13.34126430317622	-1.6661387362910973	0.184
427	P50416-2;P50416;H3BMD2;H3BUJ0;H3BP22;H3BUV7	-10.076475242515677	-0.23412742355665628	0.75
427	Q9Y4K0;H0YAR1;E5RHH3;E5RFY0;E5RJL2;E5RI22;H0YAP6	-8.143732191028658	0.6136179783402501	0.278
430	A0A1C7CYX9;Q16555;Q16555-2;E5RFU4	-7.6153400452083835	0.8453828845304124	0.628
430	G5EA31;P53992;P53992-2;A0A0U1RR49	-9.561681714822392	-0.008327182964663853	0.734
430	G8JLQ3;P78537-2;P78537;F8W099;F8W606;A0A087WSV2;F8W036;F8VP73	-11.44645348168848	-0.8350312798990747	0.514
430	O00429-6;O00429-2;O00429-8;O00429;O00429-9;O00429-3;O00429-5;O00429-4;O00429-7;F8VZ52;B4DDQ3;F8VUJ9;F8W1W3;B4DPZ9;F8VR28;F8VYL3;H0YHY4;H0YI79	-10.501472359999545	-0.4205409004485729	0.492
430	P32418-2;P32418-3;P32418-4;P32418-5;P32418;E7EV41	-12.369460331212462	-1.2398832399158413	0.392
430	P53985;Q5T8R5;Q5T8R3;P53985-2;Q5T8R4	-9.161219938204487	0.16732453106017603	0.428
430	Q7Z3B4-2;Q7Z3B4-3;Q7Z3B4	-12.926219131096694	-1.4840904107574886	0.278
430	Q96K76-4;Q96K76-2;Q96K76;Q96K76-3	-12.39252273318596	-1.2499989380241274	0.598
430	Q9NRK6	-11.627437577823068	-0.9144150527169461	0.436
430	Q9NW15;Q9NW15-2;Q9NW15-3;Q9NW15-5;Q9NW15-4;C9J670;C9IZD0;C9JA49;C9IYD3;C9JQC9;C9JPY2;C9JH90;H7C3N6;C9JJS5	-9.129147591196578	0.1813921975733624	0.716
430	Q9Y608-2;Q9Y608-4;Q9Y608-5;Q9Y608;C9JSU1;H7C3N9;Q9Y608-3	-12.738152876721138	-1.4016002410082364	0.446
450	E9PFQ4;Q86SQ0-2;Q86SQ0-3;Q86SQ0;A0A1W2PQ63;E9PGF6;G5E9V3;E9PDY7;A0A1W2PRT1	-11.354041262720386	-0.7944971625216944	0.528
450	P23142;P23142-2;P23142-3;B1AHM7;H7C1M6;B1AHM9;B1AHM8;B1AHN3;A0A0U1RRA4;B1AHM6	-7.829212022146454	0.7515737333841418	0.296
450	P55010;H0YLZ1;H0YN40;H0YMJ8;H0YM54;H0YK11;H0YK29	-8.771645442771323	0.33820083401502354	0.192
450	Q86V87	-13.282195008434975	-1.6402295897174455	0.292
474	A0A3B3IU45;P33991;E5RG31;A0A3B3ITP6;A0A3B3IS57;A0A3B3IT92;A0A3B3IRR8	-12.361157204352526	-1.236241298162921	0.586
474	Q01433;Q01433-4;Q01433-2;Q01433-5;Q01433-3;H0Y360;A0A5F9UK94;A0A804CCZ3;A0A7P0Z4H6;A0A590UK85;A0A590UJX5;H0YF16;A0A7P0TB79;E9PIJ1;A0A804H2H4;E9PJF6;A0A7P0T999	-11.785368572830297	-0.9836872069908278	0.356
474	A0A6Q8PFC4;A0A6Q8PH89;A0A6Q8PH27;A0A6Q8PG00;A0A6Q8PG04;A0A6Q8PGS4;A0A6Q8PF40;A0A6Q8PFY7;Q92734-4;Q92734-3;Q92734-2;Q92734;C9JJP5;C9JUE0;C9JTY3;A0A6Q8PF51	-8.907539199796094	0.27859471742564573	0.302
474	Q15811;Q15811-7;A8CTZ0;F8W7U0;Q15811-10;Q15811-8;Q15811-9;Q15811-2;Q15811-4;Q15811-11;Q15811-3;Q15811-12;Q15811-5;Q15811-6;Q15811-13;C9JQZ7;D6PAW0;E7EPJ2;H7C429	-13.206367422113553	-1.6069698723476336	0.644
474	B7Z385;P40123-2;P40123;E9PDI2;P40123-3;F8WEW0	-10.60615729496103	-0.4664581123579344	0.032
474	O15031;E2PU09;A6QRH1;A6QRG9;F5H3A2;B4DHQ7;O60486;O43157-2;O43157	-11.095664424980367	-0.68116715935224	0.45
474	P32004-3;P32004-2;P32004;H0Y5C3;E9PHJ4;E7EMY4;E7EVM4;E7EPI4	-11.410502265223014	-0.8192622523360215	0.136
474	Q14444-2;Q14444;E9PLA9;G3V153	-8.884720891825166	0.2886033503096386	0.84
474	Q14566	-12.310239170271524	-1.213907481346149	0.528
474	Q8N668;Q8N668-2;H7C377;H0Y7J4;H7C169;E9PE85	-11.777212733828335	-0.9801098690683322	0.02
474	Q9P2R3;Q9P2R3-2;Q9P2R3-4;I3L3P8;K7EPT2;I3L1Z9	-9.57417787833495	-0.013808286700089519	0.046
474	Q9UP95-2;Q9UP95;Q9UP95-6;Q9UP95-5;Q9UP95-3;I3L4N6;Q9UP95-7;Q9UP95-4;B3KXX3;Q9UHW9-4;Q9UHW9-3;Q9UHW9;Q9UHW9-2;Q9UHW9-5;A0A6Q8PH21;Q9UHW9-6;H0YKQ8;H0YMQ9;Q9H2X9;Q9H2X9-2;J3QSF2;I3L1N8;H0YB78;A0A0G2JQE3;A0A0U1RR18;Q9Y666;A0A0G2JNW7;A0A1B0GVB1	-10.10457601877663	-0.24645306810968046	0.138
484	P02794;G3V192;G3V1D1;E9PRK8;E9PKY7;E9PPQ4;E9PQR3;E9PKM5;E9PK45	-8.30891094980277	0.5411667887555528	0.696
484	Q9H2G2;Q9H2G2-2;A0A5F9ZH68	-11.528941461691232	-0.8712123985973392	0.672
529	P54886;P54886-2	-6.996933092433545	1.116630348238843	0.878
529	Q8TBX8;Q8TBX8-2;Q8TBX8-3;H0YIJ6;F8VNT5;F8VU68	-11.468005845024834	-0.8444846404502089	0.642
546	A0A0A0MRN5;Q9NZT2-2;Q9NZT2	-13.677188051568502	-1.813482591889712	0.44
546	A0A0G2JIW1;P0DMV9;P0DMV8;P0DMV8-2;V9GZ37	-7.67809816587868	0.8178557343543962	0.472
546	P08253;P08253-3;P08253-2;H3BR66;H3BV48;H3BS34	-10.772094730841308	-0.5392420751106852	0.174
546	Q6PCB7;Q6PCB7-2;M0QZC9;B7Z225	-13.000406366830912	-1.5166306327620316	0.096
546	Q6UVY6;Q6UVY6-2;A6PVS1	-10.70532423330789	-0.5099550044766585	0.136
546	Q86TU7;Q6NXR6;Q86TU7-3;Q86TU7-2	-12.206420422575698	-1.1683701990249857	0.346
557	A0A087WUD3;Q9NRP0;Q9NRP0-2	-7.4758972251813836	0.9065457014990088	0.362
557	A0A0C4DGS1;P39656;P39656-3;P39656-2;U3KQ84	-6.618535125293478	1.2826043697122724	0.96
557	P04843;B7Z4L4;F8WF32	-6.40907420157375	1.374478731813256	0.838
557	P04844;P04844-2;Q5JYR7;Q5JYR4;F2Z3K5;Q5JYR3;H0Y5M1	-6.201708655372215	1.4654340133075754	0.996
583	Q99424;C9J0G0;C9JY29	-10.94811019614106	-0.6164464925606948	0.864
583	P35520;P35520-2;C9JMA6;H7C2H4;H7C1W6	-9.64368665374057	-0.04429642877167133	0.772
583	Q96AY3;H0Y827;Q96AY3-2;K7ESG6;K7ELI6;C9JPC3;K7EM43	-5.508189915841421	1.7696272282898917	0.876
586	P35232;C9JW96;E7ESE2;E9PCW0;C9JZ20;P35232-2;A0A8I5KWR0	-6.526944273636051	1.3227782165610122	0.992
586	Q99623;F5GY37;J3KPX7;Q99623-2;A0A7I2V5F0;F5H3X6;F5GWA7;F5H0C5;F5H2D2;A0A3G2KQ93;U3KPZ5	-6.822421842383243	1.193174982403018	0.58
608	A0A7P0TBC5;Q4KMQ2-3;Q4KMQ2;Q4KMQ2-2;A0A7P0TAW4;A0A7P0T8Y2;A0A7P0TAF4;Q4KMQ2-4;A0A7P0TBI1;A0A7P0TBD5	-10.922596238434956	-0.6052554859171055	0.642
608	F5H7V9;E9PC84;J3QSU6;P24821-6;P24821-5;P24821-2;P24821-3;P24821-4;P24821	-15.316703528169727	-2.5326116585073075	0.72
608	P02792	-8.249006387363416	0.5674423028863821	0.538
608	P20020-6;P20020;P20020-4;P20020-1;P20020-5;P20020-2;E7ERY9;A0A2R8Y4R4;Q01814-6;Q01814-8;Q01814-5;Q01814;A0A0U1RQU3;H0YHH6;F8W1V5	-10.60325290560928	-0.46518418061808414	0.662
608	P23634-7;P23634-6;P23634-8;P23634;A0A2U3U055;A0A2U3TZI3;Q01814-4;Q01814-7;Q01814-3;Q01814-2;H7BZS8;A0A2R8Y535	-8.262967058032189	0.5613188327449458	0.72
654	A6NMH6;A6NFQ9;F8W8I8;Q92599-2;Q92599-4;Q92599;A0A087X142;Q92599-3;C9JV02;C9J4G8;A0A0A0MRP8	-10.596060738108166	-0.4620295311037319	0.688
654	D6RGI3;D6RER5;Q9NVA2;Q9NVA2-2;D6RDU5;H0Y961;H0Y9G8;D6RDP1;D6R9Y6	-7.922395570072756	0.7107012934464145	0.99
654	E7ES33;E7EPK1;Q16181-2;Q16181;A0A024RA87;G3V1Q4;A0A0U1RRE1;A0A0U1RRH9;A0A5F9ZGZ7;A0A0U1RRM2;Q6ZU15	-7.90736351012376	0.7172946994829776	0.512
654	Q15019-2;Q15019-3;Q15019;B5MCX3;C9J2Q4;C9JB25;C9J938;H7C2Y0;C9IZU3;C9JQJ4;H7C310;C9IY94;C9JZI2;F8WB65;C9JFT1;A0A1B0GXJ2;C9JT15;B5MD47;C9JSE7;H7C1T1	-7.803283592891728	0.762946536748868	0.996
661	P40227;P40227-2;Q92526;Q92526-2;Q92526-3;J3KRI6	-6.85181646294486	1.180281828084112	0.924
661	P49368;P49368-2;B4DUR8;E9PRC8;Q5SZX6;E9PQ35;Q5SZW8;E9PM09;Q5SZX9	-7.079527279767203	1.0804026445709143	0.648
661	P50990;P50990-2;P50990-3;H7C4C8;H7C2U0	-7.1102655194225965	1.0669201481210027	0.3
661	P50991;P50991-2	-7.134157390127992	1.0564406260150345	0.644
661	P78371;P78371-2;F5GWF6;F8VQ14	-6.842686497303233	1.1842864402782736	0.96
703	A0A2R8Y804;A0A2R8Y543;A0A2R8Y5C3;A0A2R8Y750;B4DGU4;A0A2R8YCH5;A0A2R8Y7Z0;A0A2R8Y5A3;P35222;A0A2R8Y5Z1;A0A2R8Y6G0;A0A2R8Y815;A0A2R8YG06;C9IZ65	-9.848575750483825	-0.13416548277202986	0.986
703	P35555;H0YND0;A0A6I8PL22;F6U495;E9PHW4	-10.9307706528838	-0.6088409714563628	0.07
738	P40222	-10.993457099700924	-0.6363366838375746	0.804
738	Q13308;Q13308-6;Q13308-4;Q13308-2;Q13308-3;Q13308-5;H0Y8F1;C9JQR6;Q86X91;F8WDG7;H7C5L0;C9J9E8	-9.843345707134613	-0.1318714658836472	0.41
765	A0A494C1M4;Q3SY69;Q3SY69-3;Q3SY69-2;H0YHN9	-7.960164815289174	0.6941348368029926	0.564
765	Q6ZRP7;H0Y430	-11.492938903743745	-0.8554208514834967	0.388
765	Q96CG8-3;Q96CG8-2;Q96CG8;E5RK99;E7EVQ5	-8.274985312093317	0.5560473510488599	0.246
765	Q9BVK6	-6.05270780065801	1.530789203365298	0.27
809	J3QLS3;Q9Y2R9;J3QQS1;J3QKW2;J3KSI8	-8.918491188655821	0.2737909240862692	0.234
809	P82673;H0YG82;P82673-2	-9.545979997780236	-0.0014400499781387019	0.302
809	Q96EY7;Q96EY7-2;B8ZZQ4;F8WE76	-9.69323824470955	-0.06603089231989581	0.944
809	Q9Y3D9;J3QLR8	-9.096080586761579	0.19589614363215554	0.936
839	F8VX04;Q9H2H9	-11.334086544988125	-0.7857445659514157	0.306
839	P07384;E9PL37;E9PRM1;E9PLX0;E9PJJ3;E9PLC9;E9PMC6;E9PJA6;E9PSA6;E9PQB3;E9PIA9	-7.868666367867014	0.7342681530361889	0.356
839	P55290;P55290-4;P55290-5;P55290-3;P55290-2	-11.40437235994394	-0.8165735353798794	0.24
839	Q00577	-8.988320583471994	0.2431621509924486	0.408
856	P15311	-7.435718245633191	0.9241691228527599	0.924
856	P16615;P16615-2;P16615-5;P16615-3;P16615-4;H7C5W9;O14983-2;O14983;O14983-3;Q93084-5;Q93084-6;Q93084-1;Q93084-3;Q93084-7;Q93084;Q93084-4;H3BVB2;J3QSY6;H3BTW4;A0A0C4DH86	-6.665906857417068	1.2618260422171783	0.162
856	P26038;V9GZ54	-5.57020115118641	1.7424276791365705	0.858
861	O75718;C9JP16	-7.409202837491966	0.9357993886109778	0.75
861	Q7Z434;Q7Z434-4;Q7Z434-2;Q7Z434-5;Q7Z434-6	-9.32322081232502	0.09626723452337152	0.676
881	P05023-4;P05023;P05023-3;P05023-2;M0R116;A0A2R8YEY8;A0A0A0MT26;P13637;P13637-2;P13637-3;Q5TC01;Q5TC02;Q5TC05	-8.280781481302512	0.5535050183823783	0.786
881	P54709;C9JA36;P54709-2;C9JXZ1;H7C547;F8WBY4;H7C4L9;C9J6S2	-8.290640477999919	0.5491806364573661	0.564
886	P51572;P51572-2;A0A2R8Y5M6;C9JSP1;C9JQ75;C9J0M4;C9JMD7;C9JM14	-7.293456551189805	0.9865683627505074	0.7
886	Q9Y3A6;B1AKT3;Q9Y3A6-2;M0R072	-8.799676239433461	0.3259058841180096	0.466
892	H0UI06;P14406;D6R9C3;D6RIE3;D6RGV5	-7.309858747769819	0.9793739833833082	0.89
892	P12074	-8.48671813102291	0.46317648363576475	0.154
905	P05976-2;P05976;P08590	-10.497721528619236	-0.41889569983408825	0.654
905	Q08AM6;H3BUU8;Q08AM6-2;A0A087WT26	-10.560787388460865	-0.4465578314641989	0.748
905	Q7Z6Z7-2;Q7Z6Z7-3;Q7Z6Z7;H0Y659;A0A1B0GXC7;A5YM72-2;A5YM72;A5YM72-4;A5YM72-5;A5YM72-3	-11.066605700787752	-0.6684213368797051	0.55
933	E9PGC8;P78559;P78559-2	-9.932840161842968	-0.17112578497997338	0.872
933	Q07954;Q6PJ72;H0YJI8;Q7Z7K9;Q07954-2;Q9NZR2;H0YJ88;E7ERG8	-8.278627553087999	0.5544497806664619	0.152
933	Q9BZF1-3;Q9BZF1-2;Q9BZF1;F8VUA7;F8VQX7;F8VVD3;F8VVE7;F8VZ43	-10.770377226101127	-0.5384887381655054	0.456
935	Q5BJH7-2;Q5BJH7-6;Q5BJH7-3;Q5BJH7;K7EJQ6;K7ERQ0;K7ERY2;K7EPQ7;Q5BJH7-4;Q5BJH7-5	-9.330378488715317	0.09312771360077861	0.992
935	Q969M3;Q969M3-3;E5RGR9;E5RHH4;Q969M3-2	-7.129517288081896	1.0584758811260975	0.326
1005	P98161-2;P98161-3;P98161	-12.402350443554022	-1.2543095970479898	0.982
1005	Q14204;A0A7P0T9C4;A0A7P0TA13;A0A2R8Y5T0;A0A2R8Y706;A0A7P0T9R4;A0A7P0TAW9;A0A7P0T7V5;A0A7P0T916;A0A7P0T8N2;A0A7P0TBJ7;A0A7P0TAF3;A0A7P0TB75;A0A2R8Y6H2;A0A7P0T9K2;A0A7P0T9F1;A0A7P0T8W5;A0A2R8YFZ7;A0A7P0TAM4;A0A7P0T825;A0A7P0TB64;A0A7P0TAV5;A0A7P0T990;A0A804HHY6;A0A7P0T942;A0A2R8YGC7;A0A7P0T9S3;A0A7P0T934;A0A7P0T9Y3;A0A7P0TBC9;A0A7P0TAS7;A0A7P0TB96	-7.321883905235318	0.9740994736958355	0.832
1014	P08670;B0YJC4;B0YJC5;A0A1B0GTT5;A0A1B0GVG8;P41219-2;H7C5W5;P41219;P17661;A0A1W2PR46;P14136-3;P14136-2;A0A1X7SBR3;P14136;A0A1W2PRT3;E7EMV2;E7ESP9;A0A1X7SCE1;K7EJU1;K7EKH9;F8W835;K7ELP4;B4DIR1;P07196;P07197-2;Q16352;P07197	-3.8796837324922557	2.483927366548186	0.278
1014	P11498;A0A494C016;A0A494C101;A0A494C0T2;P11498-2;E9PRE7;A0A494BZT5	-10.389669382446225	-0.3715015519090519	0.624
1014	Q7KZF4;H7C597	-6.618477048465977	1.2826298435399666	0.336
1014	Q8NBU5;A0A7P0TAM5;A0A7P0T9U2;Q8NBU5-2;A0A7P0T7Z9;A0A7P0T9B4	-11.61560164258178	-0.9092235402340882	0.21
1028	A0A0A0MT83;P26440;A0A0S2Z4K7;P26440-2;H7C4G6;H0YLC3;H0YN10;H0YKV0;A0A087WVD3	-8.250801903054215	0.5666547485502078	0.636
1028	A0A5F9UY30;O43493;O43493-5;O43493-3;O43493-7;O43493-4;O43493-6	-10.646165110983652	-0.48400645746621007	0.316
1028	P54289-4;P54289-5;P54289;P54289-3;P54289-2;H0Y715;E7ERK3;C9JE82;C9JVC9;Q9NY47-4;Q9NY47-2;Q9NY47-3;Q9NY47;Q9NY47-5	-11.44594458406432	-0.8348080657369097	0.306
1028	Q8IWA5;Q8IWA5-2;Q8IWA5-3;K7ER17;K7EPV6;K7EMR2;K7ESF5	-10.388353906762775	-0.3709245541228775	0.158
1090	A0A6I8PIQ6;A0A0A0MS45;J3KNI1;Q9H9E3;Q9H9E3-3;Q9H9E3-2;H3BMV9;E9PRT5;H3BSD2;J3QLW1;H3BQB2;J3KRB5	-12.256643244022783	-1.190399079645872	0.826
1090	A0A0A0MTR7;A0A0A0MTC1;Q63HN8;Q63HN8-4;Q63HN8-6;Q63HN8-5	-12.855857932111201	-1.4532283761657654	0.036
1090	A0A0B4J294;H3BP13;Q9UL33-2;Q9UL33;H3BPN3;A0A0B4J286;H3BUK6;H3BPE0	-13.020430020086154	-1.525413466032729	0.298
1090	A5PLN9-2;A5PLN9-4;A5PLN9;A5PLN9-5;A5PLN9-7	-12.74137603279946	-1.403013991140667	0.666
1090	B7Z2Y2;Q14746-2;Q14746;V9GY21	-12.082319682573928	-1.1139367700042162	0.914
1090	P33176;O60282;A0A7I2V492;A0A7I2V3N5;A0A7I2V4K6;A0A0G2JMZ6;A0A7I2V581;Q12840;A0A7I2V3V4;A0A6Q8PGJ3;J3KNA1;A0A6Q8PEZ8;O60282-2;A0A7I2V352;A0A7I2YQQ7;A0A6Q8PFV6;A0A7I2YQB4;A0A6Q8PGN1;A0A6Q8PGT2	-8.348228321028277	0.5239212885606603	0.396
1090	Q07866-3	-9.06129599277337	0.2111534638370665	0.848
1090	Q8IWT6	-11.611319137154132	-0.9073451351961842	0.582
1090	Q92968	-12.148335923961655	-1.142893006604784	0.576
1090	Q9BQS8;Q9BQS8-4;Q9BQS8-3;Q9BQS8-2;C9J2W6;H7BZ74	-9.15145153451062	0.1716091768173951	0.654
1090	Q9NSK0;Q9NSK0-3;Q9NSK0-5;H7C4M1;C9J8T5;Q9NSK0-4	-14.199903904795168	-2.0427577460446256	0.508
1102	A0A0A0MRJ1;Q5VT25-2;A0A0A0MRJ0;Q5VT25-3;Q5VT25-4;Q5VT25-5;Q5VT25;Q5VT25-6;H0Y5V1;A0A8I5QJM2;H0Y7V8	-13.780698043845684	-1.8588844470074173	0.328
1102	A0A804HKS6;Q6ZS30;H7BZA0;A0A804HJ72;Q6ZS30-1	-15.29687869217363	-2.5239160310434703	0.482
1102	F8W8C2;Q9HBM0;Q9HBM0-2	-12.82896475400579	-1.4414324118425639	0.314
1102	P49257	-6.513879130833552	1.3285088876543185	0.564
1102	P51798-2;P51798;H0Y2M6;H3BNG8;I3L470	-9.578787342973321	-0.01583010354189822	0.696
1102	Q13011;M0R248;M0QZW4	-9.668164121565196	-0.05503280719633629	0.518
1102	Q6Y7W6;Q6Y7W6-5;Q6Y7W6-4;Q6Y7W6-3;I1E4Y6;E7ESB6;A0A7I2V516;A0A7I2V3H0;A0A7I2V361;A0A7I2V3H7;C9JHW1;F8WCD5;C9JW88;C9JRZ2;C9J0V6;C9JXQ0;C9JPV7;C9JHT0	-12.501378646215935	-1.2977456365153992	0.162
1102	Q8TDM6-2;Q8TDM6-4;Q8TDM6;R4GMQ2	-14.27393008827577	-2.075227326839328	0.604
1102	Q93008;Q93008-3;O00507;O00507-2;H7C2M9	-10.973898212495117	-0.6277577076088481	0.586
1102	Q9P2E3	-15.73163016491797	-2.7146079917277213	0.438
1134	P47755;F8W9N7;C9JUG7;P47755-2;F8WED3	-7.430115560880591	0.926626588801811	0.642
1134	P47756-2;B1AK88;B1AK87;P47756;B1AK85;A0A6I8PRV6;A0A6I8PIN8	-7.62456260111331	0.8413376601245487	0.696
1134	P52907	-7.6246268422762595	0.841309482478037	0.412
1149	A0A3B3IUC4;P06280;A0A6Q8PGG0;A0A6Q8PFA9;V9GYN5;A0A6Q8PHM8	-10.183647059336643	-0.28113543885026154	0.62
1149	A0A7P0TAV2;A0A6Q8PGK3;A0A7P0TAJ0;A0A7P0T9G7;Q99707;B1ANE3;Q99707-2;A0A494C064;A0A494C1A2	-13.624358672945023	-1.7903104155475609	0.088
1149	A0AVT1;A0AVT1-2;H0Y8S8;A0AVT1-3;A0AVT1-4;H0Y9U5	-9.245256895818143	0.13046399527836627	0.326
1149	A6NEP9;Q8NG11-2;Q8NG11	-11.916623086848562	-1.0412584452635962	0.772
1149	G3V533;Q6ZMZ3-2;Q6ZMZ3	-15.29858073607702	-2.5246625865112624	0.77
1149	H3BLV9;Q96SB4-4;Q96SB4;Q96SB4-3;H7C2I2;A8MPP7;A8MPY5;E7ETV6;Q9UPE1-2;Q9UPE1-3;Q9UPE1-4;Q9UPE1	-11.814231861173527	-0.9963473068203275	0.468
1149	O75382-4;O75382-3;O75382-2;O75382	-14.027436879214815	-1.9671097555876993	0.728
1149	O75822;O75822-3;O75822-2;H0YLP3;H0YGJ7	-8.625759649310774	0.40218968680800565	0.658
1149	P21912;A0A087WWT1	-7.770710356930779	0.7772339046375025	0.602
1149	P48060;B4E3S5;F6VVE8;P48060-2	-11.18507301673996	-0.7203838169912142	0.302
1149	Q5T5C7;P49591	-8.102617444031985	0.6316518487451999	0.808
1149	P55060-3;P55060;P55060-4;P55060-2	-8.90148043509699	0.28125223049283204	0.108
1149	Q08426;Q08426-2	-11.845456082345073	-1.0100429659021828	0.516
1149	Q14139-2;Q14139;B7Z7P0	-10.260602896048391	-0.31489003270137916	0.202
1149	Q562F6;Q562F6-2;Q562F6-3	-12.103498773295913	-1.1232264046310776	0.254
1149	Q86WV6;A0A494C0W5;J3QTB1;A0A494C0T1;A0A494C1N5	-8.051959845700802	0.6538714324727729	0.344
1149	Q8WUM4;Q8WUM4-2;A0A3B3IT07;Q8WUM4-3;C9IZF9;F8WEQ7;F8WBR8;F8WDK9	-7.541141620820176	0.877928014135045	0.732
1149	Q99643-5;Q99643-3;Q99643	-9.586262609199832	-0.01910892664598536	0.818
1149	Q9HAV4;H0Y9I3	-12.971386249913794	-1.5039017443254286	0.558
1149	Q9HCJ6	-13.008253182057151	-1.5200724257735034	0.65
1168	Q5T160;A0A8I5KP51;A0A8I5KWC6;H0Y450;H0UI22;A0A8I5KPZ0;A0A8I5KQV7;A0A8I5KS21;A0A8I5QJX6;A0A8I5KS32;A0A8I5KX97;A0A8I5KYL9;A0A8I5KPZ4;A0A8I5KWE8;A0A8I5KXM9;A0A8I5KPX4;A0A8I5KU19;A0A8I5KR42;A0A8I5QJN6;A0A8I5KVZ5;A0A8I5KQK8;A0A8I5KQS8;A0A8I5KVK0;A0A8I5KPR3;A0A8I5KQP4	-10.880138201995823	-0.5866324179737734	0.186
1168	O60488-2;O60488;A0A804HI36;D6RF95;H0Y9A0;D6RDA8	-8.155052255217988	0.608652738724824	0.518
1168	P54652	-9.852563470757456	-0.1359145882847472	0.464
1168	Q53GQ0;A0A1B0GVY6;A0A1B0GV93;E9PI21;Q53GQ0-2;A0A1B0GW85;A0A1B0GU83	-7.092229310533792	1.074831242739282	0.688
1192	A0A7I2YQ93;P00750-3;P00750;B4DNJ1;B4DN26;E7ESF4;P00750-4;A0A7I2V6D6;P00750-2;H0YBH9;E5RHG4;E5RGA1;A0A7I2V268	-11.395361285871823	-0.8126210717531641	0.834
1192	Q8IY95-2;Q8IY95	-9.177485651061792	0.16019001658203777	0.124
1192	Q8TD55;Q8TD55-2;C9J4A7	-9.540933980841617	0.0007732487085736206	0.302
1199	A8MU21;Q9BVK8;Q9BVK8-2	-10.211142089039466	-0.29319538907885195	0.744
1199	Q03135	-7.299403899885283	0.9839597192962263	0.926
1199	Q5JPE7-2;Q5JPE7;J3KN36;P69849;A0A7I2V3P4;A0A7I2V4T6;A0A7I2V6B0;A0A7I2V2Z5;Q5JPE7-3;A0A7I2V4D7;A0A087WTD5;H3BPS9;I3L1G6	-8.473590779263965	0.4689344410032308	0.986
1199	Q969V3-2;Q969V3;K7EMW4;A0A0C4DGP7;K7ELZ9;K7ENM2;K7EQ66;K7EN96	-7.896761268537957	0.7219450856516149	0.99
1214	O14672;O14672-2;H0YNC5;H3BS53;B5MC71;H0YK87;C9J9B4	-9.618178989304967	-0.03310818250076931	0.34
1214	P06396-2;A0A0A0MS51;A0A0A0MT01;P06396-4;P06396-3;P06396;Q5T0I0;A0A0U1RQL8;REV__H0YJM7;REV__A0A6Q8PG26;REV__Q6TDU7-4;REV__Q6TDU7-2;REV__Q6TDU7-3;REV__Q6TDU7;REV__F8W8F9	-6.465611685405267	1.349680095535085	0.386
1214	Q16512;Q16512-2;Q16512-3;K7EL10;K7EKY9;K7EM57	-12.535834738537476	-1.3128588683598743	0.35
1214	Q5H909;Q9UNF1-2;Q9UNF1;Q5H907;A0A087X070;G5E9N2;Q12816-5;Q12816-2;Q12816-3;Q12816-4;Q12816	-10.418970268631991	-0.38435359218226683	0.292
1217	P09669	-6.94462878076347	1.1395722181804133	0.972
1217	P13073;H3BPG0;H3BN72;H3BNV9;Q86WV2;H3BNI5	-7.498759600941959	0.896517739472419	0.346
1258	Q15075	-6.956298536744569	1.1344535957299928	0.926
1258	Q9H4L5-2;Q9H4L5;Q9H4L5-4;Q9H4L5-3;Q9H4L5-6;Q9H4L5-5;Q9H4L5-8;Q9H4L5-7;C9J8P4;C9JEF2;C9JZ19	-11.37521062015851	-0.8037825279071626	0.198
1262	A0A075B6R8;B7ZB24;H0YGQ3;F5H1U9;O75970-5;O75970-3;O75970-2;O75970	-13.12958019763689	-1.5732892356875081	0.73
1262	A0A0U1RRK1;A0A286YF11;Q9BPX6-2;Q9BPX6;Q9BPX6-3;S4R3D7;S4R3V1;E9PQV6;Q9BPX6-5;Q9BPX6-4;S4R3W3	-11.708831453918808	-0.9501162723641423	0.232
1262	H3BR00;Q9UBD8;H3BNK7;O95086;A0A1B0GW34;A0A1B0GV71;B4DFF3;A0A1B0GWD3;Q13286-5;Q13286-4;Q13286-2;Q13286-3;Q13286;Q2TA70;Q13286-7	-11.110903527173745	-0.6878513788627094	0.434
1262	A0A286YF22;O43175;A0A286YFA2;A0A2C9F2M7;A0A286YFL2;A0A286YFM8;A0A286YER3;A0A286YFC8;A0A286YFB2;A0A286YF34;A0A286YF78;A0A286YFF3;A0A286YFK5;A0A286YFE1	-7.236101934157989	1.011725412379464	0.5
1262	H0Y984;A6NC48;Q10588-2;Q10588	-12.373579330171093	-1.2416899272687778	0.58
1262	P23381;P23381-2;G3V3Y5;G3V3H8;G3V277;G3V456;G3V5U1;G3V423;G3V227;G3V3P2;H0YJP3;G3V2Y7;G3V3X0;G3V3S7;G3V5W1;G3V4N8;G3V4C7;G3V2C0;G3V339;G3V313;G3V4S4;G3V3R3;G3V2F2;P78534;G3V4N0;G3V4Q0;G3V4A3;G3V5H5	-6.993871365644685	1.1179732917848688	0.706
1262	Q9H089;F8WFC6;H7C2X7	-10.707562097842953	-0.5109365831548012	0.838
1262	Q9NSE4	-7.393050405811454	0.942884215368509	0.826
1262	Q9NZQ7;Q9NZQ7-3;Q9NZQ7-2	-11.72628050863807	-0.9577698277057695	0.736
1262	Q9UI26;Q9UI26-2;E7EMB7;F8WDV0	-13.032494107998343	-1.530705051506426	0.776
1262	Q9Y5L0-3;Q9Y5L0;E9PFH4;C9J7E5;Q9Y5L0-1;Q9Y5L0-5	-10.491438632796212	-0.4161398777187442	0.742
1308	P18077;F8WBS5;F8WB72;C9K025	-7.294730841437784	0.986009429840323	0.99
1308	Q02878;F8VZ45;U3KQR5;F8VR69;F8VZA3;F8VWR1;F8VU16	-5.812918117815313	1.6359664543691566	0.056
1314	A0A8C8KBL6;P23229-4;P23229-2;P23229-5;P23229-3;P23229-9;P23229-6;P23229;P23229-7;C9JXX7;H7BZ97	-9.479509550961865	0.027715411534943703	0.942
1314	B9A044;B8ZZ50;O60573-2;O60573;C9JEL3;B4E1E4;B9A023;A0A8I5KSA5;B8ZZL3;A0A8I5KT16	-11.670024089063661	-0.9330944726529108	0.796
1314	C9JFE4;Q13098-5;Q13098;Q13098-7;Q13098-6	-9.55738379501252	-0.006442016825410437	0.76
1314	Q7L5N1;E7EM64;H7C3T0	-8.963837654459715	0.25390092481919163	0.914
1314	F5GYQ1;P61421;J3QL14;H3BQJ1;H3BQB4;H3BSG7	-8.116405659235165	0.6256040215237452	0.706
1314	H0Y6Z7;P10586-2;P10586;H0Y4H1;H0Y380;H0Y7Z9	-14.887512719741588	-2.344358732645572	0.24
1314	J3KQS6;Q9NWV8;M0QXG9;M0R3F4;M0R2A4;M0R2K3;M0R193;M0R0I0;M0R2I2;Q9NWV8-3	-12.785585015358853	-1.4224050641849761	0.574
1314	O15066;O15066-2	-13.192297164646956	-1.6007983349248827	0.83
1314	O75369-2;O75369-9;O75369;O75369-8;O75369-6;O75369-3;A0A804HK76;E7EN95;O75369-7;A0A804HL72;O75369-5;O75369-4;A0A804HJC2;H7C5L4;A0A0C4DGA1	-8.74777452240158	0.34867116682358174	0.798
1314	P13612;E7EP60;P13612-2	-9.74395893514529	-0.08827814969063293	0.228
1314	P22234;E9PBS1;P22234-2;D6RF62	-7.833602943908085	0.7496477744571918	0.526
1314	P43007;P43007-2	-11.20065225992863	-0.7272172301384338	0.344
1314	P46736-2;P46736-3;P46736;X6RJS7;P46736-4;P46736-5;A0A0A0MS96	-11.870495800873648	-1.0210259603726894	0.814
1314	P50443	-14.242488178797855	-2.061436184676766	0.46
1314	P56199;A0A494C0F7	-11.571471044138015	-0.8898668482594998	0.264
1314	P61201;P61201-2;B4DIH5;H0YKU5;H0YM03;H0YMC2	-9.176210328903522	0.1607494021117275	0.928
1314	Q13488;E9PNA6;Q13488-2;E9PM12;E9PMC5;H0YCE3;H0YEL3;A6NHQ4	-8.348114592243654	0.523971172612321	0.35
1314	Q15758;M0QXM4;Q15758-3;Q15758-2;M0QX44;M0R144	-8.21284941813639	0.5833015783266202	0.534
1314	Q92845-4;Q92845-2;Q92845-3;Q92845	-13.415366260958383	-1.6986415534312516	0.532
1314	Q92905;E5RHH5;E5RHF2;E5RFS1;E5RG35;E5RK55	-9.845298035364072	-0.13272780179350543	0.78
1314	Q93050-1;Q93050;Q93050-3;B7Z641;B7Z2A9;F5H1T6;K7EN36;K7EPG4;K7EM24;K7ELZ6;K7ERA0;K7ERA6	-9.38663493674347	0.06845234606745547	0.352
1314	Q96CN9	-11.331495636388613	-0.7846081340546454	0.898
1314	Q99627-2;Q99627;E9PGT6;H7C3S9	-9.05792853429976	0.21263050830755903	0.914
1314	Q9BT78;D6RFN0;D6RAX7;Q9BT78-2;D6RD63;D6REK7	-8.906486839368675	0.27905630682978116	0.792
1314	Q9H9Q2;J3KQ34;A0A087X1P5;J3KQ41;Q9H9Q2-3;J3QT73;Q9H9Q2-2;J3QT95;J3KQV6;J3QT67;J3QT66;J3QT69;J3QT50;J3QT43	-10.4642859421836	-0.40423008526171755	0.556
1314	Q9UBW8;F5GYF7;F5H248;F5H7C6;F5H4U8;F5H4Z0;F5H3M6;G3XAP1;F5GXT7	-9.067777378817741	0.20831057936113653	0.85
1314	Q9UNS2;Q9UNS2-2;H7C3P9;C9JLV5;J3QKR0;K7ES36;J3QL22;J3QS85;K7ELN6;J3KTQ1	-10.009914584779676	-0.20493239346741832	0.84
1337	P42704;A0A804HKI2;A0A804HL40;A0A804HKR3;A0A804HKJ0;A0A804HIG4;A0A804HK30;A0A804HIN4;A0A804HLG8;A0A804HI14;A0A804HJZ1;A0A804HI40;A0A804HIQ7;A0A804HHY9;A0A804HJI0;A0A804HJH8;A0A804HK02;C9JCA9;B8ZZ38;A0A804HIV5;A0A0C4DG06;A0A804HKX0;A0A804HKR5;A0A804HJA1;A0A804HKK7;A0A804HKX6;H7C3W8;A0A804HLK8;A0A804HJG8;A0A804HI44;A0A804HLL8	-8.130017004009046	0.6196337737265465	0.726
1337	Q9GZT3-2;Q9GZT3;A0A087WUN7;H0YJ40;G3V4X6;G3V2S9;H0YJW7;H0YJ07;H0YJU7;H0YJI1	-7.908355491068009	0.7168595939040912	0.568
1341	A0A0A6YYA0;Q86XR7-2;Q9Y3B3-2;Q9Y3B3;G3V2Y2	-6.318664398068176	1.4141345438723316	0.108
1341	A0A5F9ZHM4;P07195;A0A3B3IS95;A8MW50;C9J7H8;F5H793	-4.932084873636213	2.022320104439843	0.3
1341	A0A804HK74;F2Z2B9;A0A804HI27;A0A804HL95;A0A804HJQ4;A0A804HJS9;A0A804HJ08;A0A804HJH7;Q9BSJ2;Q9BSJ2-4;A0A804HLH6;Q9BSJ2-3	-13.272812924069989	-1.6361143924725212	0.442
1341	F5H5P2;P12694;P12694-2;F5GXU9;H0YH31	-10.71634493304849	-0.5147889359832766	0.654
1341	J3QQM4;Q9HAU4;J3QLG1;J3QRY2	-12.533655550978038	-1.3119030267481488	0.466
1341	O15294;O15294-3;O15294-2;O15294-4;C9JZL3	-10.34845346870708	-0.353423307452057	0.528
1341	O43896;H7C0K6;A0A3B3IUA1;Q4R9M9;A0A087WWA3;A0A3B3ITW6;A0A3B3ITE5;A0A3B3ITF7;A0A3B3IU40;A0A3F2YNW9;A0A3B3IT28;O60333-2;Q12756-3;Q12756;Q12756-2;O60333-3;O60333;O60333-4	-14.281340538253994	-2.078477720051293	0.41
1341	P13674	-5.455440838454004	1.7927641826693586	0.092
1341	P21953;P21953-2	-10.60043614593389	-0.46394868526280475	0.46
1341	P30559	-9.832140546856847	-0.12695662575749284	0.462
1341	P41226	-11.313385914361492	-0.7766647948889391	0.496
1341	P80723;P80723-2	-6.67726090513606	1.256845896646722	0.496
1341	Q15363;F5GX39;E7EQ72	-6.637438172589091	1.2743130599003625	0.456
1341	Q15393;Q15393-2;J3QRB2;J3QL37;Q15393-3	-11.763498245497717	-0.9740943801430425	0.42
1341	Q5VSL9-2;Q5VSL9;Q5VSL9-3;Q9ULQ0-2;Q9ULQ0;Q5VSL9-4	-11.237165495670185	-0.7432327722377656	0.502
1341	Q86XP3;Q86XP3-2;J3KRE3	-11.935884851220157	-1.0497070966070217	0.594
1341	Q96T76;Q96T76-8;Q96T76-9;Q96T76-5;Q5T454;Q96T76-7;H7C1W5;H0Y746;B0QZ77;H0Y7V3;F8WCH8	-10.219419319531818	-0.2968259720913913	0.464
1341	Q9Y3Q3;G3V1J9;F5H4M7;Q9Y3Q3-2	-8.306704849368524	0.542134434971027	0.302
1349	B4DER1;A0A6I8PIT3;A0A6I8PIV1;Q9P2J5;A0A6I8PRS0;Q9P2J5-2;A0A6I8PL42;A0A6I8PLB3;A0A6I8PS05;A0A6I8PLB8;A0A6I8PIP7;A0A6I8PTV8;Q9P2J5-3;A0A6I8PRU9;A0A6I8PRP1	-10.25157634710063	-0.3109307814395131	0.556
1349	H3BLW6;Q5T3F8	-14.035918340167061	-1.970829918761021	0.27
1349	O15431	-9.893980718201277	-0.1540811423192898	0.32
1349	P30837;A0A0U1RQK9;P47895;H0YKF9	-8.70802762028714	0.36610506911144025	0.368
1349	Q8TEX9;Q8TEX9-2;H0YN14;H0YN07;H0YMR4;H0YLV0;H0YL92;H0YKG5;H0YK93	-12.066760827676397	-1.1071122996288008	0.772
1349	Q9NTJ4-3;Q9NTJ4-2;Q9NTJ4;Q9NTJ4-4;H3BRV3;H3BQJ2;H3BMJ3;H3BUW3;H3BRI3;H3BQH9;B4DH23	-10.462969948233557	-0.40365286015193613	0.262
1352	H7BXY3;Q7L2E3-3;Q7L2E3;Q7L2E3-2	-13.753335416199784	-1.8468825713557202	0.4
1352	Q14258;A0A3B3IUA7;I3L2W4	-10.956741269433351	-0.6202322791355555	0.702
1352	Q9NYU1;E7EMU6;A6NP03;Q9NYU1-2	-11.923163076615431	-1.0441270346754432	0.472
1358	Q13347;A0A7I2YQF8;A0A7I2V3U3;A0A7P0MRT9;A0A7I2V640;A0A7I2YQI2;A0A7I2V613;A0A7I2V607;A0A7I2V3N2;A0A7I2V2M3;A0A7I2V685;A0A7I2YQI6;Q5TFK1;A0A7I2V5V8;A0A7I2YQU2;A0A7I2YQC8;A0A7I2YQT9;A0A7I2V4S8;A0A7I2V3K6;A0A7I2YQP9;A0A7I2V4C2;A0A7I2V391;A0A7I2YQN1;A0A7I2V3T4;A0A7I2V5E4;A0A7I2YQX4	-8.328069531524081	0.5327633956875446	0.988
1358	P55884;P55884-2;C9JZG1;C9JQN7	-8.251332028171106	0.5664222235231856	0.98
1358	Q14152;Q14152-2	-8.345535499770696	0.525102421685153	0.974
1366	P49815;H3BMQ0;A0A2R8YGD6;A0A2R8Y7C8;A0A2R8YDR3;A0A2R8Y7X5;A0A2R8YDZ2;X5D2U8;A0A2R8YGU4;A0A2R8Y5F1;P49815-5;P49815-3;P49815-2;P49815-6;P49815-4;P49815-7;A0A2R8Y6C9;A0A2R8YEJ8	-15.495551531967546	-2.6110584922658817	0.378
1366	A0A2R8YFR7;H0Y895;A0A2R8YF49;Q12774-2;Q12774	-13.174367518779025	-1.5929339812900407	0.61
1366	P60228;A0A7I2V3I0;A0A7I2V3S3;A0A7I2V2H9;A0A7I2V2W0;H0YBP5;A0A7I2V4B4;A0A7I2V5Z6;B3KW56;A0A7I2V3I2;A0A7I2V4G3;E5RGA2;A0A7I2V5P9;E5RHS5;A0A7I2V570;A0A161SXE1;A0A7I2V429;A0A7I2V3W9;H0YBR5;A0A7I2V2Q9;H0YAW4;A0A7I2V5K7;A0A7I2V2S9;E5RII3;E5RJ25;E5RIP5	-8.792085902890541	0.32923517970034777	0.644
1366	B3KS98;O15372;E5RJT0;E5RGU4;E5RFH0;E5RFW7	-8.906440176519103	0.2790767742251411	0.19
1366	O15371-3;O15371;O15371-2;B0QYA5;B0QYA4;B0QYA6;B0QYA8;A0A0D9SGB5	-8.667829496177268	0.38373688770874786	0.042
1366	O75821;K7EL20;K7ER90;K7ENA8;K7EP16;K7EL60;K7ENH0	-8.923833281968799	0.271447759515533	0.39
1366	Q7L2H7;Q7L2H7-2;J3KNJ2;H0YCQ8;E9PN86;E9PRY0;E7ESM3;E9PRI2	-9.05655381785052	0.2132334904514391	0.486
1366	Q99613;Q99613-2;B5ME19;H3BPE3;H3BPE4;H3BTY8	-8.830418810885666	0.3124214876427295	0.762
1366	Q9UFG5;E7EP72;K7EK56;Q9UFG5-2;K7ER12;K7EQW1;A0A087WUU5;K7ELZ1	-11.260028723857546	-0.7532611081582818	0.57
1370	A0A3B3IRI2;P17812;B4E1E0;A0A3B3IRQ8;A0A3B3ITF6;A0A3B3ITB8;P17812-2;A0A3B3ISY3;A0A3B3ITH9	-8.435410199514939	0.4856813184006646	0.512
1370	P15170-2;P15170-3;P15170;H3BR35;H3BSV8	-8.38841308412216	0.5062953304112074	0.206
1370	P51114-2;P51114;B4DXZ6;E9PFF5;E7EU85;P51114-3;C9JAJ4;C9JYQ6;C9IZ22;C9JZE0;C9JY20	-9.183649259303847	0.15748651673384234	0.42
1393	O00425;O00425-2;F8WD15	-10.433645414028105	-0.3907904473152613	0.736
1393	P10620;F5H7F6;F5H6X2;P10620-2;F5GX73;F5H613;F5H760	-6.033193603940259	1.5393485773216324	0.304
1405	B4E2Q0;P98194-4;P98194;P98194-2;P98194-3;P98194-5;P98194-9;P98194-6;P98194-7;H0Y9V7;P98194-8;H0Y8X9;H0Y9S7;D6RGE9;D6REJ1;D6RHV9	-10.476430885721363	-0.4095571358660462	0.538
1405	P00338;P00338-3;P00338-4;P00338-2;P00338-5;F5GXY2;F5GYU2;F5GXH2;F5H6W8;F5H5J4;F5GZQ4;F5GWW2;F5GXC7;F5H8H6;F5GXU1;Q6ZMR3;F5H5G7;F5H155;G3XAP5	-4.16177766648305	2.360194501354485	0.762
1417	Q08431;Q08431-3;Q08431-4;Q08431-2;H0YKS8;A0A087WUV5	-7.740581679477138	0.7904490331342306	0.64
1417	Q96JB5;Q96JB5-4;Q96JB5-2;J3QRM1;Q96JB5-3;J3QQY1;J3KRI2;J3KRK4;J3KS63;J3QS62;J3QL95;J3QL86	-9.286288261883554	0.11246669766100387	0.53
1425	H0YDB2;G0XQ39;Q13586;Q13586-2;E9PNJ4;E9PIQ8;E9PRE4;E9PR07;E9PJ19;E9PMB4;E9PRZ7;E9PR09;E9PN27	-10.246603423116158	-0.30874954299782004	0.138
1425	O95373;E9PLB2;E9PLJ0;O15397-2	-9.637211275902088	-0.0414561796325553	0.72
1425	O95479;O95479-2	-9.50885164078393	0.014845298402437887	0.554
1425	O95674	-10.331007718910588	-0.3457712017253071	0.568
1425	P42765;A0A0B4J2A4;K7EME0;K7ER88;K7EJB1;K7EJ68	-8.640048550793807	0.39592224710820745	0.494
1425	Q8WUM9;H7BZK4	-13.898350464012877	-1.9104894951497677	0.056
1425	Q9BVG9;E9PS47;E9PLE4;A0A0J9YWQ2	-10.998046943668394	-0.6383498946034095	0.666
1425	Q9HD20;Q9HD20-2;H7C3H2;Q9HD20-3	-9.778454177349921	-0.10340855357116789	0.62
1455	A1L0T0;M0R026;E9PJS0;M0R1B5;E9PL44;M0QZX5;E9PNL1	-9.546658958707324	-0.0017378578029106217	0.712
1455	Q96QD8;Q96QD8-2;F8VUY8;F8VQW8	-7.910486168689701	0.7159250298629349	0.37
1492	P14625;A0A7P0TAT8;H0YIV0;A0A7P0TAE1;A0A7P0T823;A0A087WT78;A0A7P0T917;A0A7P0TAY2;A0A7P0TBC2;A0A7P0T885;A0A7P0T8R3;A0A7P0Z405;F8W026;A0A7P0TAG4;A0A7P0Z4B4;A0A7P0T8C8;A0A7P0TAC2	-4.465628316163124	2.226918641983791	0.724
1492	K7EKE6;K7EJE8;P36776-2;P36776;P36776-3;K7ER27;K7ERR6;K7ER56	-8.280830519549587	0.5534835090832279	0.516
1493	E9PDF6;O43795-2;O43795;E7EQD9;H7C2Y7;A0A0U1RRI3;C9JYW1;C9JUP5	-10.280178556911947	-0.3234763662408553	0.752
1493	O00410;O00410-3;H0Y8C6;O00410-2;E7ETV3;E7EQT5;E7EV12;H0Y3V4;E7EWK4;E7EX05;E7ESZ1;E7ETV8;C9JZD8;C9JQT6;C9J875;C9JXE0;C9JZ53;F8WF30;C9J583	-8.79123243805678	0.32960952893831075	0.48
1493	P48651;P48651-3;P48651-2;J3KNR6	-10.437421100756517	-0.392446550055122	0.364
1504	Q96HD1;A0A669KAV0;Q96HD1-2;A0A804HL07;A0A8C8KJP3;A0A804HKD9;A0A804HJJ0;A0A804HL60;A0A804HKP9;A0A804HKP7;A0A804HJM5;A0A804HKL1;A0A804HJB9;A0A804HL57;A0A804HL34;F8WBY3;A0A804HK40;A0A669KBB3;A0A804HJ85;A0A804HL19;A0A669KAY9;A0A669KB87;A0A804HI35;H7C2L3;A0A804HLG6	-10.138669575725965	-0.2614072836303995	0.262
1504	Q08945	-13.629941530801712	-1.7927591849656224	0.516
1504	Q6RW13;Q6RW13-2	-8.650840972067977	0.39118844376923156	0.298
1504	Q7Z7H5-3;Q7Z7H5;Q7Z7H5-2;F8W7F7	-7.843576176116597	0.7452732862186691	0.462
1504	Q969X5-2;Q969X5;A0A8I5KS17;A0A8I5KXB6;A0A8I5KSL7;A0A8I5KPY8;A0A8J8YV97;Q969X5-3	-6.320100895193848	1.4135044633077216	0.42
1537	A0A7P0T8Z7;A0A7P0Z4A2;A0A7P0Z4A5;A0A7P0T8S8;Q9Y5X1;A0A7P0TBI9;A0A7P0T8D4;A0A7P0T8Z2;A0A7P0T8C7;A0A7P0T8M2	-10.646895661738569	-0.4843268937719342	0.956
1537	Q6ZXV5-2;Q6ZXV5;F8VRY4;F8W044;F8VR71;Q5T4D3-2;Q5T4D3;Q5T4D3-3	-10.683916065834527	-0.5005648915360799	0.254
1569	Q92575;F8WB86;Q6PJ80;C9JLR4	-9.958658486821175	-0.18245029408536917	0.908
1569	Q96KA5;Q96KA5-2;G5E9Z2	-9.845167343101238	-0.13267047717148914	0.37
1605	A0A7P0TA85;P35613-2;P35613;P35613-4;A0A087WUV8;A0A7P0TB04;I3L192;A0A2R8YDZ0	-7.0012696387823095	1.1147282396142904	0.81
1605	P08195-4;P08195;P08195-3;P08195-2;A0A7P0Z4P5;J3KPF3;A0A7P0TAN7;A0A7P0Z4A0;F5GZS6;A0A7P0TBF8;A0A7P0T9F7;A0A7P0T8F1;A0A7P0TAS6;A0A7P0T8U7;F5GZI0;F5H056;H0YH36;A0A7P0TAT7;H0YFS2;F5H0E2;A0A7P0T853;F5H867;H0YFX4;F5GZR9	-7.993723026272537	0.6794154362933673	0.582
1605	E7EWV1;Q5H8A4-2;Q5H8A4;Q5H8A4-3;E7EM50;D6RFE8;Q5H8A4-5;Q5H8A4-6;Q5H8A4-4;D6R9J9	-12.608421204912398	-1.3446969562329316	0.18
1605	J3QQV2;J3KTM6;O15427;J3QSC3;J3QQS9;J3KTI8;J3QRA0;J3QRP8	-7.470673591905117	0.9088369067824758	0.826
1605	P11216;H0Y4Z6	-9.358735500497248	0.08068967827519649	0.48
1605	P11279;P11279-2	-7.028810792055206	1.1026480585306884	0.658
1605	P11766;H0YAG8;D6RFE4;D6R9G2;D6RAY0	-7.980330485391654	0.6852897116879935	0.616
1605	P52815	-11.281718973195986	-0.762774948670352	0.398
1628	O00217;E9PPW7;E9PKH6;E9PN51;F8W9K7;Q08E91	-8.744644019760807	0.35004427703463586	0.462
1628	O43676;C9JKQ2	-8.139160256260917	0.6156233337205956	0.532
1628	O43920	-7.430762190940007	0.926342962036641	0.494
1628	O95139;A0A087WZX2;O95139-2	-9.27703866762453	0.11652378170870786	0.394
1628	O95168;O95168-2;C9JXQ9;F2Z3P9	-7.105921253406053	1.0688256427687821	0.436
1628	O96000;O96000-2;H3BV16;H3BPJ9	-7.906123138956394	0.7178387547069616	0.578
1628	P03891	-9.98771043314207	-0.19519314362801538	0.004
1628	P03905	-9.262308581842122	0.1229847349543949	0.532
1628	P03915	-8.876069863119001	0.2923978897864133	0.414
1628	P28331-4;P28331;P28331-2;P28331-5;B4DJ81;P28331-3;C9JPQ5;F8WDL5	-7.417549913520876	0.9321381697452067	0.412
1628	P51970	-7.596664706284258	0.8535743162313892	0.492
1628	Q16718;A0A7I2V2W4;A0A087X1G1;A0A7I2V3L8;Q16718-2;H7BYD0;A0A024R772;F8WAS3;A0A087WXR5;C9IZN5	-7.148715755835831	1.0500549931299705	0.416
1628	Q9P0J0;Q9P0J0-2;B4DEZ3;K7EJE1;E7ENQ6;U3KQP3;K7EP87	-7.368715491025486	0.9535580667630259	0.41
1628	Q9Y6M9;E9PH64;A0A7I2V620;A0A3B3IT57;E7EWZ0;E9PF49;A0A7I2YQN0	-7.542710371437804	0.877239924157542	0.466
1728	D6RDM3;D6R9S7;D6RHE3;D6RDB0;Q96GZ6-8;Q96GZ6-6;Q96GZ6-7;Q96GZ6-5;Q96GZ6-9;Q96GZ6-2;Q96GZ6	-10.114255390420993	-0.25069866236932464	0.292
1728	P07099;B1AQP8	-8.199648819080151	0.5890916636375472	0.158
1728	P30520;Q8N142	-9.196954901271717	0.15165035719423375	0.55
1728	Q86SK9-2;Q86SK9	-12.976887892146278	-1.5063148907092079	0.656
1728	Q9H008	-13.59772607294533	-1.7786287467541178	0.482
1728	Q9NZL9;Q9NZL9-4;Q9NZL9-2;Q9NZL9-3;H7C0X7;E5RJR3;Q9NZL9-5	-9.862651419575865	-0.1403393938577373	0.606
1769	F8VZJ2;A0A7I2V2K5;H0YHX9;A0A7I2V473;Q13765;E9PAV3-2;E9PAV3;F8W0W4;F8VNW4;F8VZ58;Q9BZK3	-6.853694219520485	1.1794582010108479	0.57
1769	A0A7P0T913;B7ZKQ9;A0A7P0T9I2;F5H4X0;Q8WTV0-3;Q8WTV0-4;Q8WTV0-5;Q8WTV0-2;Q8WTV0;A0A7P0T9B3;A0A7P0Z4E3;A0A0S2Z3I2	-10.275098269860361	-0.3212480358971066	0.644
1769	Q96K17;Q96K17-2;E9PL10	-8.97433575603713	0.24929621684517875	0.768
1769	Q99536;Q99536-3;Q99536-2;K7ESA3;K7ERT7;K7ENX2;K7EM19;K7EJM4;K7ER81	-5.623939720866762	1.7188567107577246	0.104
1769	Q9H6K4;Q9H6K4-2	-10.881086933150575	-0.5870485532036781	0.614
1783	P08238;Q58FF7	-5.475448662586274	1.783988292414809	0.904
1783	Q58FF8	-9.326099797079186	0.095004445822309	0.394
1790	F8W930;Q9Y6M1-1;Q9Y6M1;Q9Y6M1-5;Q9Y6M1-6;Q9Y6M1-3;Q9Y6M1-4	-8.887675201874337	0.28730752220769	0.88
1790	Q3SXM5;Q3SXM5-2;H3BQI7;H3BT52;H3BNH5	-10.358254883227445	-0.35772243251440455	0.608
1799	A0A8I5KXY4;A0A8I5QJS0;A0A8I5KXJ8;A0A8I5QKY1;P38435-2;P38435;A0A8I5QJ91	-11.155255681899837	-0.7073052505009161	0.428
1799	P05783;F8VZY9;CON__H-INV:HIT000015463	-9.39812222042911	0.06341376014818646	0.582
1799	P14618;P14618-3;B4DNK4;H3BUW1;H3BTJ2;H3BT25;H3BU13;H3BN34;H3BQZ3;P30613-2;P30613	-4.184448839505262	2.3502504052314115	0.218
1799	Q2TAM5;E9PKH5;A0A087X0W8;Q04206-2;Q04206-3;Q04206-4;Q04206;E9PI38;E9PQS6;E9PKV4;E9PMD5	-9.291879474588391	0.11001426361504683	0.322
1801	A0A2R8Y5S7;P35241;P35241-5;A0A2R8Y7M3;P35241-4;E9PNV3;P35241-3;P35241-2;E9PQ82;A0A2R8Y5P0;A0A2R8Y4H6;E9PKN5;E9PNP4	-8.924511492031268	0.27115028103719296	0.586
1801	O60313-2;O60313;O60313-10;O60313-11;A0A2R8YDM2;A0A2R8Y3X5;O60313-9;O60313-13;E5KLJ9;C9JMB8;A0A2R8YE78;A0A2R8YFD1;A0A2R8YGE5;A0A2R8YD53;A0A2R8Y4Q3;A0A2R8Y4G4;A0A2R8YE54;H7C141;A0A2R8Y5G3;C9JY58;H7C321;A0A2R8Y5E2;H7C3G2	-9.43852489897552	0.0456922192865153	0.38
1801	Q9UHY1;F8W6G1;C9JHZ6	-9.882147929849397	-0.14889101013425488	0.296
1813	B4DLN1;Q9UBX3;Q9UBX3-2;I3L1E8;F6RGN5	-9.471523448608142	0.031218299073066055	0.89
1813	Q01650;H0YJ95;A0A0C4DGL4;G3V4Z6;Q9UM01	-9.15959248578662	0.16803836899274124	0.306
1816	A2ACR1;A0A0G2JJA7;P28065-2;P28065;A2ACR0;A0A0G2JJQ0;A0A0G2JJ13;A0A0G2JHI2	-10.192185353448407	-0.2848805303499942	0.584
1816	O14818;O14818-2;H0Y586;O14818-4;Q8TAA3-2;Q8TAA3-5;Q8TAA3;A0A087WYS6;F5GY34	-7.288193306547811	0.9888769424868961	0.75
1816	P25786;P25786-2;F5GX11;B4DEV8	-7.851213307698881	0.7419234652594984	0.732
1816	P25789;H0YMZ1;H0YN18;H0YL69;H0YMA1;P25789-2;H0YKT8;H0YMI6;H0YLC2;H0YKS0;H0YMV3;H0YLS6	-7.865076963689595	0.7358425479794876	0.868
1816	P28066;P28066-2	-7.4333868768967255	0.9251917146168043	0.32
1816	P28070	-8.10580551494028	0.630253487772514	0.63
1816	P60900;G3V5Z7;G3V295;P60900-2;G3V3I1;P60900-3;G3V3U4;H0YJC4;G3V4S5;G3V2S7	-8.018007147745072	0.6687638640103325	0.484
1819	E5RIP4;Q15043-2;Q15043-3;Q15043;E5RFZ8;E5RGA7;E5RJ40;E5RJG5	-9.121968028073017	0.184541318518821	0.664
1819	Q9Y4L1;A0A494C039;A0A087X054;K7EQK2;E9PJ21;A0A087WWI4;Q9Y4L1-2;J3KTF1;J3QL06;Q9BST8;J3QQH7;J3QLE9;A0A087X214;A0A087WW13;A0A1W2PS94;A0A2R8Y358;Q9BXT5	-7.299978192579834	0.9837078213572973	0.392
1825	Q6BCY4;Q6BCY4-2;E9PIV9;E9PMI2;E9PQW2;E9PRM4	-10.158257485800672	-0.2699989899546451	0.888
1825	Q9Y6G9;E9PHI6;C9JGM7;C9JLW1	-9.011774750190709	0.23287461588745062	0.186
1826	O94925;H7BZD1;B7Z509;O94925-2;H7C201	-7.600181957335502	0.85203156930302	0.816
1826	O94925-3;B8ZZC5	-9.513057443234576	0.013000537048320958	0.304
1838	A0A1W2PS02;Q9Y244	-14.257537885225592	-2.0680373308633717	0.28
1838	A0A3B3ISF9;P42892-3;P42892-4;P42892;B4DKB2;P42892-2;E9PJG1;E9PN99;E9PHZ1	-10.098563629727167	-0.24381589646538143	0.534
1838	F8WDR2;Q9BVS5	-15.724425754205505	-2.7114479720602493	0.326
1838	O15118;K7EQ23;O15118-2;K7EIH7;K7ERM4;K7ERW2	-10.368306422028684	-0.3621312678193266	0.548
1845	A0A7I2YQ97;A0AVL1;A0A7I2V5N8;A0A7I2V3W3;A0A7I2V2Z6;Q13443-2;Q13443;F8WC54;A0A7I2V4B3;A0A7I2V2E1;A0A7I2V3B5;A0A7I2V3C1;A0A7I2V303	-10.651846980543269	-0.48649865568657713	0.808
1845	A0A7P0TA76;O95573;A0A7P0TB52;A0A7P0TBB1;A0A7P0T8L6;A0A7P0T905;H7BYZ7;A0A7P0TBL9;F5GWH2	-8.67347978416592	0.3812585418892721	0.266
1877	F5H442;Q99816;Q99816-2;J3QRU6;J3QKS4	-9.785509314136768	-0.10650309827342454	0.862
1877	Q8N0X7	-9.95217093581099	-0.1796047055141287	0.224
1877	Q96TA1-2;Q96TA1	-7.252266959924258	1.0046350615672563	0.268
1931	B5MD87;A0A0A0MQS1;Q53H96-2;Q53H96	-12.059250770807392	-1.103818216551495	0.5
1931	Q5TG12;E9PGC5;Q15262;Q15262-2;Q15262-3;Q15262-4;H0YDP9;E9PRW2	-15.871689683612338	-2.776041306866892	0.266
1931	P27816;A0A804HKE7;E7EVA0;P27816-6;P27816-2;P27816-5;H7C456;P27816-4;H0Y2V1;H7C4C5;B5MEG9;F8W9U4;P27816-7;A0A0J9YVV8;A0A0J9YW37;P27816-3	-9.136614108389741	0.17811721199583366	0.334
1933	A0A087WXM8;P50895;K7ENU8;K7ERB7	-11.989576758867798	-1.0732575979488017	0.296
1933	C9JPV1;A0A087WYN0;A0A087WY96;P31641-2;P31641	-10.35443668080487	-0.35604768141660104	0.428
1933	A0A2R8Y713;A0A2R8YFH0;E9PHA6;A0A2R8Y6P0;A0A2R8YG02;P43246-2;P43246	-12.955180571816717	-1.4967935624691553	0.196
1933	B4DY09;Q12905;X6R6Z1;A0A0A0MRL0	-9.68390689994241	-0.06193795062556639	0.47
1933	O14521-2;O14521;H0YD96;H0YD41;G3V173;E9PK73;H3BRW5;O14521-4	-8.702968917663515	0.3683239320303588	0.28
1933	P09622;E9PEX6;P09622-2;P09622-3;F8WDM5;F2Z2E3	-7.240180804800638	1.0099363262256797	0.232
1933	P35354	-14.293567827036865	-2.083840889167524	0.34
1933	P43304;P43304-2;F5GYK7;E7EM56	-8.858682011719546	0.30002459994916036	0.322
1933	P52848-3;P52848;P52848-2;E5RG58;S4R438;P52849-2;Q9H3R1;P52849	-12.531545074876641	-1.310977323556824	0.658
1933	Q13137;Q13137-3;Q13137-4;Q13137-5;D6REB0;Q13137-2;D6RJE7;D6RF70;H0YBP4;I3L4E1;I3L493;H0Y9G3;D6RBI4	-9.813963515693821	-0.11898376326201734	0.49
1933	Q4G148-2;Q4G148	-9.976115991187717	-0.190107555635964	0.272
1933	Q96QK1;I3L4S0;A0A1W2PP10;A0A3B3ITD4	-7.7933145260190875	0.7673191979756057	0.488
1933	Q9H1K0;H7C204	-13.649853421425803	-1.801492996584637	0.65
1933	Q9Y2L1;F2Z2C0;G3V1J5;Q9Y2L1-2	-13.123831620641651	-1.5707677780569063	0.042
1942	A0A2R8YF78;O00571;A0A0D9SG12;A0A0D9SFB3;A0A0D9SF53;A0A2R8YFS5;A0A2R8Y4A4;O00571-2;A0A2R8Y645;A0A2R8YCW1;A0A2R8Y5G6;A0A2R8YFR4;A0A2U3TZJ9;F6S8Q4;A0A2R8Y7T2;A0A2R8YDT5;A0A2R8YDH3;A0A0J9YVQ7;A0A087WVZ1;A0A2R8Y650;A0A2R8YCU0;A0A087WX09;C9J8G5;A0A2R8YF89;A0A2R8Y770;A0A2R8Y4D2;D6RCM4;H0Y960;Q9NQI0-2;Q9NQI0-4;Q9NQI0;Q9NQI0-3	-8.230244247869013	0.5756718073069984	0.706
1942	P23142-4	-9.587208464838131	-0.019523800608465657	0.398
1942	Q8N1G4	-9.62236187119073	-0.03494289036977703	0.122
1942	Q96RQ3;E9PHF7;E9PG35;G5E9X5;F8WDI3	-9.376609871654143	0.07284956939554092	0.186
1948	A0A096LNH6;Q14185	-13.151233477642567	-1.5827868606028714	0.45
1948	D6RDV0;D6RA37;A0A0A0MTC2;D6RIY7;Q13454-2;Q13454	-11.476161201533925	-0.8480617667402724	0.502
1948	E7EW69;E7EX04;B5ME97;Q9P0V9-3;Q9P0V9;Q9P0V9-2;F5GYV2;F5H1F2	-11.706206141572338	-0.9489647501954034	0.18
1948	E5RIA4;E7ETB3;Q9ULA0-2;Q9ULA0;E7EMB6;C9JBE1;F8WAN0;B9ZVU2;E7EPX3;E5RJ35;C9J1E2;C9JRG3	-9.746715315479396	-0.08948716128289762	0.35
1948	H0YME5;Q9P2K8-2;Q9P2K8;Q9P2K8-3	-12.220556231757369	-1.1745704889324482	0.456
1948	Q6PJW8;Q6PJW8-2	-13.178184261061958	-1.5946080919371295	0.298
1948	Q96LZ7;C9JGB2;A0A0A0MSD2;A0A0C4DFM4;Q96LZ7-3;Q96LZ7-4;Q96LZ7-2;H7C2J3;F8WFC3;C9JUD5	-12.34874223529762	-1.230795808177642	0.508
1948	Q9UHD8;Q9UHD8-5;Q9UHD8-2;Q9UHD8-7;Q9UHD8-3;Q9UHD8-8;Q9UHD8-9;Q9UHD8-4;A0A6Q8PHC2;K7EL40;K7EK18;K7ER14;K7EQD7;K7ER52;K7EIE4;K7EJ51;K7EJZ2;K7ENQ5;K7EN52;K7EKN4;K7ENL0;K7EPY1;K7EJV0;K7EQ08;K7ER34	-8.647991087410048	0.3924384685010947	0.308
1951	P04350;M0QYM7;M0R278;M0R042;M0R1I1	-8.697059624320024	0.37091588353500915	0.902
1951	Q9BUF5;K7ESM5;K7EL29;K7ES63;K7EN98;K7ESQ3;K7EQT3;K7EJ64;K7ERA8;K7EJZ4;K7EPE5	-7.408383360417704	0.9361588300386061	0.634
1958	A0A5F9ZH79;A0A5F9ZHP1;Q8N9N2-2;E9PM82;E9PR40;H0YE76;A0A5F9ZI10;A0A5K1VW55;H0YCB3;A0A5F9ZI37;Q8N9N2	-13.53015420471486	-1.7489901765645153	0.362
1958	A0A6I8PRU6;A0A6I8PLD9;Q8N6L1;Q8N6L1-2	-8.043276845350206	0.6576799954456022	0.91
1958	P46977;P46977-2;A0A0C4DH80;E9PN73;E9PI32;H0YET6	-7.510720293479843	0.8912715055797695	0.776
1962	O60518;A0A096LPA6	-14.142783861457639	-2.017703585814539	0.49
1962	P26022	-10.128258319687042	-0.25684066810011597	0.592
1976	E9PKW1;A0A8I5KYV1;Q9NS15-2;Q9NS15;H0YC99	-14.258104959326193	-2.06828606256154	0.478
1976	J3QSZ6;Q9NPI0	-11.808813932564501	-0.9939708791505587	0.188
1976	P19174;P19174-2	-14.048474373889325	-1.976337282942681	0.654
1976	P23219-3;P23219-2;P23219;P23219-6;P23219-5;A0A087X296;P23219-4;A0A2R8YDM0;X6RJD6	-8.029941059129817	0.6635293769452886	0.786
1976	Q99470;K7ELI9	-9.434816802342151	0.04731867546148883	0.742
1976	Q9HCN8	-9.116233227661045	0.18705673342423487	0.758
1976	Q9NXV2	-12.691509460949577	-1.3811413697585464	0.396
1976	Q9UBS4;A0A7P0T9E8;H7C2Y5	-7.663716366121225	0.8241639213666347	0.644
1982	A0A7I2YQA8;A0A7I2V5F1;A0A7I2YQQ0;A0A7I2V5D0;A0A7I2V490;P26358;P26358-2;A0A7I2V5F6;A0A7I2V311;P26358-3;K7ERQ1;K7ELB1;K7ENQ6;K7EJL0;A0A7I2V2G5;K7ENW7	-11.660041087113653	-0.9287156991818402	0.96
1982	P35579;A0A8I5KWT8;P35579-2;A0A8I5KYI1;Q5BKV1;A0A8I5KU92;B1AH99;A0A2R8Y4C3;REV__S4R3H4;REV__E7EQT4;REV__Q9UKV3-5;REV__Q9UKV3	-5.131410378148845	1.9348913695123746	0.69
1982	P60660;F8W1R7;G3V1V0;G3V1Y7;J3KND3;B7Z6Z4;F8VPF3;H0YI43	-5.429338478852814	1.8042132758706217	0.91
1982	Q7Z406;Q7Z406-6;Q7Z406-2;Q7Z406-5;Q7Z406-4;M0QY43	-9.151998231630676	0.17136938292994533	0.904
1991	A0A2R8Y566;Q9P260-2;Q9P260;A0A075B785;A0A075B768	-11.74913057519883	-0.967792390635187	0.778
1991	P60174;P60174-3;P60174-4;U3KPZ0;U3KQF3;U3KPS5	-5.726630667601361	1.6738141077879622	0.486
1991	Q13085-3;Q13085-2;Q13085;Q13085-4;Q59FY4;A0A087WWN5	-11.88978476349843	-1.0294865414933607	0.546
2026	P13639;M0R0I6;K7EJ74;K7EP67;Q15029-2;Q15029-3;Q15029	-5.530943767991566	1.7596468672062566	0.758
2026	Q9NQW7-3;Q9NQW7;Q9NQW7-4;Q5T6H7;Q9NQW7-2;Q5T6H2;Q5T6H3	-9.746354275086581	-0.08932880069136846	0.424
2029	H0YNA7;Q8TCT8	-8.515145396124229	0.4507076335940552	0.524
2029	P55809;E9PDW2;P55809-2;Q9BYC2	-7.6565154099822	0.8273224257790153	0.214
2029	Q5T5C0-3;Q5T5C0-2;Q5T5C0;Q3B794;Q5JRH0;C9JPK3;C9K0E4;C9JCY1;C9JQS3;E9PFI2;Q9Y2K9	-11.841548784930977	-1.0083291356989927	0.28
2029	Q96NT5-2;Q96NT5	-12.95402485345224	-1.496286637904807	0.444
2062	A0A8I5KWQ7;Q16850;Q16850-2;A0A8I5KRT9;H7C0D0	-10.563855873496058	-0.4479037393319691	0.594
2062	Q15293;Q15293-2;E9PP27	-6.148776995484117	1.4886510525567305	0.408
2068	A0A024RA52;P25787;A0A7I2V2H3;A0A7I2YQP7;C9JCK5;H3BT36	-7.562827324061858	0.8684161676452117	0.926
2068	P20618	-7.4991080073491565	0.8963649204365591	0.888
2068	P25788-2;P25788;G3V4X5;G3V3W4;G3V5N4;H0YJ03	-7.976474999511199	0.6869808161649802	0.968
2068	P28074;P28074-3;H0YJM8;P28074-2	-8.00643071471804	0.673841552874087	0.712
2068	P49720;A0A087WUL2;A0A087WXQ8;A0A087WY10	-7.9057324354643095	0.718010126213725	0.6
2068	P49721;A0A087WVV1	-7.7980357232272475	0.7652483726677165	0.834
2068	Q99436;Q5TBG5;Q99436-2	-8.818702263833943	0.3175606337292022	0.372
2100	P49755;G3V2K7	-5.604435978743213	1.7274114990894174	0.27
2100	Q13619;A0A0A0MR50;Q13619-2;A0A087WWN2	-11.571726360925998	-0.8899788360547081	0.73
2103	P02452;CON__Q862S4	-9.327643891506007	0.09432717061522701	0.714
2103	P02461;P02461-2	-13.16609040848836	-1.5893034510007162	0.336
